fico_bucket,n,events,fit,observed_annual_pct,fitted_annual_pct
580.0,231306,576,816.2879,2.9882,4.2348
600.0,348133,762,910.9715,2.6266,3.1401
620.0,842451,1527,1639.4287,2.1751,2.3352
640.0,1369537,2228,2195.1349,1.9522,1.9234
660.0,2069244,2800,2579.6286,1.6238,1.496
680.0,3082758,3170,2832.6802,1.234,1.1027
700.0,3861949,3033,2745.2916,0.9424,0.853
720.0,4385680,2658,2437.6751,0.7273,0.667
740.0,5215325,2243,2240.6398,0.5161,0.5156
760.0,6159807,1769,2002.3494,0.3446,0.3901
780.0,6686616,1255,1557.0892,0.2252,0.2794
800.0,3801501,557,628.6366,0.1758,0.1984
820.0,112347,20,12.1865,0.2136,0.1302
