incentive_pp,loan_months,observed_cpr,fitted_cpr
-3.1459,5611731,0.0489,0.055
-1.8847,606682,0.0605,0.0542
-1.6297,530240,0.0653,0.054
-1.3743,584402,0.0613,0.0539
-1.1183,794579,0.0651,0.0549
-0.8649,1386847,0.0654,0.057
-0.617,2129388,0.0674,0.0608
-0.3675,3058364,0.0714,0.0685
-0.1219,3734466,0.0797,0.0819
0.1272,4202344,0.1032,0.1055
0.3729,4388136,0.1459,0.1466
0.6219,4202592,0.2071,0.2049
0.8689,3902526,0.2658,0.266
1.1183,3174792,0.3111,0.311
1.3667,2616510,0.3238,0.3351
1.6161,1947683,0.3266,0.3357
1.8664,1524504,0.3152,0.3216
2.1141,1071645,0.3086,0.2979
2.3661,821496,0.3017,0.2715
2.6132,573344,0.2903,0.2435
2.8649,415228,0.2811,0.2159
3.3975,636128,0.251,0.1619
