ltv_bucket,n,events,fit,observed_annual_pct,fitted_annual_pct
20.0,2078143,363,294.4577,0.2096,0.17
25.0,1159527,224,197.1697,0.2318,0.2041
30.0,1387331,278,267.5532,0.2405,0.2314
35.0,1664735,352,368.3271,0.2537,0.2655
40.0,2005684,555,509.3657,0.3321,0.3048
45.0,2386549,704,704.2324,0.354,0.3541
50.0,2717234,954,947.1314,0.4213,0.4183
55.0,3034852,1225,1236.5362,0.4844,0.4889
60.0,3272018,1450,1542.2274,0.5318,0.5656
65.0,3614101,1757,1938.3844,0.5834,0.6436
70.0,3767385,1982,2299.6506,0.6313,0.7325
75.0,3785694,2314,2654.2173,0.7335,0.8413
80.0,2650564,2588,2267.1714,1.1717,1.0264
85.0,2173176,2903,2437.5835,1.603,1.346
90.0,1602096,2355,2119.0983,1.7639,1.5872
95.0,413329,888,913.8328,2.5781,2.6531
100.0,230220,801,780.046,4.1751,4.0659
105.0,139278,554,601.1705,4.7732,5.1796
110.0,67240,291,389.0689,5.1933,6.9435
115.0,16814,59,124.7664,4.2108,8.9045
120.0,664,1,5.8081,1.8072,10.4966
150.0,9,0,0.0826,0.0,11.0118
155.0,11,0,0.1186,0.0,12.9407
