model,parameter,placeholder,fitted
prepayment,turnover,0.06,0.055
prepayment,refi_max,0.55,0.414
prepayment,midpoint,0.75,0.714
prepayment,slope,3.5,2.736
prepayment,burnout,0.02,0.0076
prepayment,ramp_months,30.0,6.2
credit,base_cdr,0.002,0.004
credit,b_ltv_low,0.04,0.021
credit,b_ltv_high,0.1,0.04
credit,b_fico,0.012,0.0091
credit,b_dti,0.02,0.0227
credit,investor_mult,1.5,1.22
credit,dq30_extra_mdr,0.01,0.0228
credit,dq30_months,12.0,12.0
credit,liq_lag,12.0,19.0
credit,costs,0.1,0.1
credit,reo_discount,0.2,0.48
credit,mi_coverage,0.25,0.185
credit,mod_share,0.25,0.57
credit,mod_rate_cut,2.0,0.57
