month,beginning_balance,scheduled_principal,prepayments,defaults,losses,recoveries,ending_balance,modification_losses,distressed_balance
1,19254307999.999996,18708714.61796066,143194636.3955087,0.0,0.0,0.0,19092404648.98653,0.0,54731351.63122748
2,19092404648.98653,18675148.23455276,147287859.6308818,0.0,0.0,0.0,18926441641.121094,1988.295008620388,62021407.513610244
3,18926441641.121094,18636776.338948686,152304551.66751796,0.0,0.0,0.0,18755500313.114624,3923.937193857849,69187292.54377827
4,18755500313.114624,18592645.89079277,157951617.98650035,0.0,0.0,0.0,18578956049.237335,5805.244878618171,76226390.3116187
5,18578956049.237335,18542041.51883199,164689468.47548163,0.0,0.0,0.0,18395724539.24302,7630.174201353594,83136978.22300579
6,18395724539.24302,18483793.479932763,170097483.09018537,0.0,0.0,0.0,18207143262.672897,9396.47929972001,89915890.63349712
7,18207143262.672897,18418980.679003637,178530537.66030958,0.0,0.0,0.0,18010193744.33359,11102.980968854565,96561176.70136648
8,18010193744.33359,18344563.92398841,185901889.89727587,0.0,0.0,0.0,17805947290.512325,12745.71195259346,103071390.3758663
9,17805947290.512325,18261340.134163953,189201275.02558672,47318907.78428091,20978086.295455657,0.0,17551165767.568295,14323.783608812708,62127275.88806628
10,17551165767.568295,18173081.780043356,195403007.6364139,0.0,0.0,0.0,17337589678.151836,15840.104567176031,68367498.3552937
11,17337589678.151836,18076828.52776711,201431459.80825034,0.0,0.0,0.0,17118081389.815819,17291.272918596762,74472062.141319
12,17118081389.815819,17972576.96271662,205742371.7577557,0.0,0.0,0.0,16894366441.095345,18676.346951341322,80439864.1069867
13,16894366441.095345,17862487.18107984,212314232.89926136,0.0,0.0,0.0,16664189721.015003,19996.515490035636,80684122.38634771
14,16664189721.015003,17743517.388705235,216246845.6829976,0.0,0.0,0.0,16430199357.943298,20885.534346214576,80896505.6221632
15,16430199357.943298,17618179.644397765,222119819.5734074,0.0,0.0,0.0,16190461358.725494,21724.83449438023,81080433.473084
16,16190461358.725494,17484339.238985386,229156389.0767754,0.0,0.0,0.0,15943820630.409733,22511.926165169054,81237065.27747104
17,15943820630.409733,17340599.650812857,232840796.19865122,0.0,0.0,0.0,15693639234.56027,23244.475182622016,81366923.66456446
18,15693639234.56027,17190286.21776245,235867439.86532038,0.0,0.0,0.0,15440581508.477188,23927.228797177555,81472551.32437453
19,15440581508.477188,17033973.291078247,242472049.45154056,0.0,0.0,0.0,15181075485.73457,24561.334937472922,81555314.84983027
20,15181075485.73457,16867700.158827804,246931095.7652459,3187350.8541870243,1259918.3913695582,0.0,14914089338.956308,25140.609411773778,78428708.41387856
21,14914089338.956308,16693586.308842633,249816892.10641977,3134724.029424591,1224920.6573480493,0.0,14644444136.511623,25668.447001713233,75334067.98561873
22,14644444136.511623,16513201.782847181,253594543.94422027,3081330.562972248,1190153.7674492032,0.0,14371255060.221582,26147.84999946437,72272895.15497115
23,14371255060.221582,16325444.31368826,256019618.83982527,3026812.040171389,1155238.6982164495,0.0,14095883185.027897,26577.431016364873,69247433.7388659
24,14095883185.027897,16131683.955562972,254715484.6026016,2971552.8018964455,1120074.3463157513,0.0,13822064463.667837,26959.839194850378,66259406.8692055
25,13822064463.667837,15936019.253477527,256215854.8604716,2914932.3365112767,1084670.9139630152,0.0,13546997657.217377,27302.655821968227,64088031.58360928
26,13546997657.217377,15735253.156258427,257067764.60647848,2857473.009183823,1049696.5401819088,0.0,13271337166.445454,27600.991330713074,61939742.48732817
27,13271337166.445454,15530045.755772857,256423952.50715512,2799391.8800349217,1015040.8747118294,0.0,12996583776.302492,27856.814410655024,59815319.57889556
28,12996583776.302492,15322061.873250255,256295259.82048982,2741161.1174867824,980852.8828064369,0.0,12722225293.491266,28073.952370355102,57716874.670090586
29,12722225293.491266,15110672.03480317,256243481.33528715,2683295.660907794,947533.8457739565,0.0,12448187844.460266,28252.072937579833,55646260.8862032
30,12448187844.460266,14895743.380138498,254143808.3197653,2624962.427990876,914025.7562170327,0.0,12176523330.332373,28391.800849370116,53604176.73913805
31,12176523330.332373,14679666.87006196,252842249.82777846,2566154.845237114,880766.6764164686,0.0,11906435258.789295,28498.318448115042,51592764.42828719
32,11906435258.789295,14461496.187617872,252267611.2082147,1921821.047011832,655295.2473605997,0.0,11637784330.34645,28570.68197865082,50199559.80493218
33,11637784330.34645,14240339.520936888,250162752.8768726,1878117.4881726815,631375.1905942867,0.0,11371503120.460468,28608.048996298014,48825338.82954908
34,11371503120.460468,14018033.975994028,248553693.66530576,1835447.3967901226,608165.1760779177,0.0,11107095945.422379,28615.04764025396,47470130.64663854
35,11107095945.422379,13793979.600535387,245686355.8032498,1792634.5387841128,585296.7146613633,0.0,10845822975.479809,28591.332415781482,46135473.83843228
36,10845822975.479809,13569738.332498737,239903363.93012208,1749624.2035311575,562559.3374182242,0.0,10590600249.013657,28540.964837876454,44822892.902365476
37,10590600249.013657,13349000.803076945,238846634.52290443,1706931.3255297556,540237.5692750318,0.0,10336697682.362144,28472.488119273417,43533439.92709008
38,10336697682.362144,13125908.667016199,236996586.32110214,1664347.9311807472,518486.8948554748,0.0,10084910839.442848,28374.655197559245,42267695.04069257
39,10084910839.442848,12901454.847551856,233283766.93783116,1621773.4714610893,497339.9479684605,0.0,9837103844.186003,28250.38566364562,41026714.31531463
40,9837103844.186003,12678043.288138216,230149016.47473383,1579697.7854683092,476708.7574199294,0.0,9592697086.637661,28105.72213408931,39810825.05403523
41,9592697086.637661,12454984.704923544,227398250.91894618,1538146.3516170536,456601.4520982115,0.0,9351305704.662176,27940.056555730225,38620075.09766993
42,9351305704.662176,12231820.866125133,222078826.5964089,1496809.352303237,436762.942688768,0.0,9115498247.847338,27753.20763275489,37455178.06751935
43,9115498247.847338,12011981.881550435,219365291.19347298,1455624.4126466513,417331.4390520546,0.0,8882665350.359667,27553.43396139975,36317009.50584801
44,8882665350.359667,11792107.176072942,216053543.85627377,1415167.5286902233,398498.9416002027,0.0,8653404531.798632,27334.215843286533,35205229.87471101
45,8653404531.798632,11573035.647022668,212294292.41526383,1375476.0508065955,380584.6672914549,0.0,8428161727.685538,27098.17281882361,34120044.670389235
46,8428161727.685538,11355428.992427366,206943784.45326588,1336441.673959365,363155.7937266971,0.0,8208526072.565886,26847.697497381163,33061330.434458513
47,8208526072.565886,11141535.218247294,201592202.9508602,1298169.6568401197,346380.4557474097,0.0,7994494164.739938,26588.62197061629,32029416.393644802
48,7994494164.739938,10931477.071818069,194848014.3594273,1260739.0031315358,330082.36992916296,0.0,7787453934.305561,26322.111438942902,31024293.336706586
49,7787453934.305561,10727314.32899337,190793633.4541345,1223588.516350022,314355.4988925995,0.0,7584709398.0060835,26053.689911415167,30046683.2005559
50,7584709398.0060835,10525444.318692096,186441501.59978348,1187217.6105591164,299220.53097964445,0.0,7386555234.477049,25775.950607013267,29096432.837383278
51,7386555234.477049,10326374.248105906,181719463.42320392,1151715.9409052501,284840.6506626329,0.0,7193357680.864834,25490.773940929863,28173420.941130705
52,7193357680.864834,10130729.14181662,176879586.76306915,1117103.238216463,271045.30175362085,0.0,7005230261.721731,25200.381287362634,27277339.305726565
53,7005230261.721731,9938789.52802572,173228083.29821905,1083246.2823899388,257939.00555020303,0.0,6820980142.613096,24906.120003308853,26408309.341144726
