scenario,tranche,starting_balance,coupon_spread_bps,starting_subordinate_pct,total_interest,total_principal,total_writedown,wal_years,first_trigger_failure_month,final_payment_month,price_at_0bp_dm,price_at_100bp_dm,price_at_200bp_dm,price_at_coupon_spread_dm
good,A-1,203476250.0,85,0.0352500509221102,13497915.594866604,203476250.0,0.0,1.3973810076367534,10,30,101.25860280896971,99.89834353088328,98.56554309582896,100.10061616155144
good,M-1,157810518.32,100,0.0352500509221102,8967109.546633778,157810518.32,0.0,1.1484984375670375,10,25,101.23427750934172,100.10393077110996,98.99090955183763,100.10393077110996
good,M-2A,37850000.0,130,0.0352500509221102,4438070.216850619,37850000.0,0.0,2.27044865113618,10,30,102.9719126601959,100.76317652268058,98.60544473250832,100.11055817273427
good,M-2B,37850000.0,130,0.0352500509221102,5133344.87727123,37850000.0,0.0,2.6402732593422518,10,35,103.41530188434888,100.86293790828454,98.37848488089199,100.1105581727343
base,A-1,203476250.0,85,0.0352500509221102,13505712.138920221,203476250.0,0.0,1.3973810076367534,10,30,101.25863948310527,99.8983371010487,98.56549412363725,100.10061616155144
base,M-1,157810518.32,100,0.0352500509221102,9229791.525329035,157810518.32000002,0.0,1.1843260912342637,10,26,101.26843198912475,100.10393077110999,98.95787412019254,100.10393077110999
base,M-2A,37850000.0,130,0.0352500509221102,4667234.555246787,37850000.0,0.0,2.3888436438719602,10,32,103.1144129229724,100.7952690690071,98.532364280972,100.11055817273427
base,M-2B,37850000.0,130,0.0352500509221102,5476326.611771034,37850000.0,0.0,2.815862330997389,10,36,103.62387776226979,100.90975104572207,98.2722465714006,100.11055817273426
moderate,A-1,203476250.0,85,0.0352500509221102,15535800.08532596,203476250.0,0.0,1.3973810076367534,10,30,101.24966017300872,99.8998951877006,98.57724020082156,100.1006161615515
moderate,M-1,157810518.32,100,0.0352500509221102,15127478.115472127,157810518.32,0.0,1.8161454323741084,10,40,101.84550950373476,100.10393077110999,98.40469356086551,100.10393077110999
moderate,M-2A,37850000.0,130,0.0352500509221102,6184946.538040358,37850000.0,0.0,3.459274343104198,10,44,104.34325908843155,101.07041607549655,97.90942581144326,100.11055817273437
moderate,M-2B,37850000.0,130,0.0352500509221102,6362602.486919327,37850000.0,0.0,3.815381051251015,10,48,104.76101537381425,101.16330267925244,97.70059407297776,100.11055817273436
severe,A-1,203476250.0,85,0.0352500509221102,8629514.960831365,203476250.0,0.0,1.3973810076367534,10,30,101.27248933023785,99.89594079114471,98.54748094739062,100.10061616155144
severe,M-1,157810518.32,100,0.0352500509221102,7737268.001500885,157810518.32,0.0,1.5167814807279931,10,31,101.60035307551047,100.10393077110993,98.63659880323394,100.10393077110993
severe,M-2A,37850000.0,130,0.0352500509221102,2863007.0441893307,37850000.0,0.0,2.6935802961720614,10,35,103.55073771674267,100.89343647781064,98.30903992710203,100.11055817273432
severe,M-2B,37850000.0,130,0.0352500509221102,3073627.5014398303,37850000.0,0.0,3.115763500129673,10,41,104.08592630269636,101.01331149367084,98.0375451370543,100.11055817273429
