scenario,month,date,beginning_balance,gross_interest,modification_interest_loss,interest,principal,ordinary_writedown,modification_principal_loss,writedown,writeup,ending_balance,minimum_ce_test,cumulative_loss_test,delinquency_test,all_triggers_pass,a1_cnl_test,called,tranche
severe,1,2026-10-25,18550117630.84,0.0,0.0,0.0,143676415.17348814,0.0,0.0,0.0,0.0,18406441215.66651,False,True,True,False,True,False,A-H
severe,2,2026-11-25,18406441215.66651,0.0,0.0,0.0,134619410.63651687,0.0,0.0,0.0,0.0,18271821805.029995,False,True,True,False,True,False,A-H
severe,3,2026-12-25,18271821805.029995,0.0,0.0,0.0,106797162.14874348,0.0,0.0,0.0,0.0,18165024642.881252,True,True,True,True,True,False,A-H
severe,4,2027-01-25,18165024642.881252,0.0,0.0,0.0,104919293.9691285,0.0,0.0,0.0,0.0,18060105348.912125,True,True,True,True,True,False,A-H
severe,5,2027-02-25,18060105348.912125,0.0,0.0,0.0,108535708.76924945,0.0,0.0,0.0,0.0,17951569640.142876,True,True,True,True,True,False,A-H
severe,6,2027-03-25,17951569640.142876,0.0,0.0,0.0,123763094.0624726,0.0,0.0,0.0,0.0,17827806546.080402,True,True,True,True,True,False,A-H
severe,7,2027-04-25,17827806546.080402,0.0,0.0,0.0,123287613.83555523,0.0,0.0,0.0,0.0,17704518932.244846,True,True,True,True,True,False,A-H
severe,8,2027-05-25,17704518932.244846,0.0,0.0,0.0,134564678.3462101,0.0,0.0,0.0,0.0,17569954253.898636,True,True,True,True,True,False,A-H
severe,9,2027-06-25,17569954253.898636,0.0,0.0,0.0,144213346.5612542,0.0,0.0,0.0,0.0,17425740907.337383,True,True,True,True,True,False,A-H
severe,10,2027-07-25,17425740907.337383,0.0,0.0,0.0,199288167.10860756,0.0,0.0,0.0,0.0,17226452740.228775,False,True,True,False,True,False,A-H
severe,11,2027-08-25,17226452740.228775,0.0,0.0,0.0,168631529.40889472,0.0,0.0,0.0,0.0,17057821210.81988,False,True,True,False,True,False,A-H
severe,12,2027-09-25,17057821210.81988,0.0,0.0,0.0,159086509.5527245,0.0,0.0,0.0,0.0,16898734701.267155,False,True,True,False,True,False,A-H
severe,13,2027-10-25,16898734701.267155,0.0,0.0,0.0,164483765.6842195,0.0,0.0,0.0,0.0,16734250935.582935,False,True,True,False,True,False,A-H
severe,14,2027-11-25,16734250935.582935,0.0,0.0,0.0,147187394.04593465,0.0,0.0,0.0,0.0,16587063541.537,False,True,True,False,True,False,A-H
severe,15,2027-12-25,16587063541.537,0.0,0.0,0.0,121161587.61279242,0.0,0.0,0.0,0.0,16465901953.924208,False,True,True,False,True,False,A-H
severe,16,2028-01-25,16465901953.924208,0.0,0.0,0.0,114360024.48868166,0.0,0.0,0.0,0.0,16351541929.435526,False,True,True,False,True,False,A-H
severe,17,2028-02-25,16351541929.435526,0.0,0.0,0.0,111208283.27939162,0.0,0.0,0.0,0.0,16240333646.156134,False,True,True,False,True,False,A-H
severe,18,2028-03-25,16240333646.156134,0.0,0.0,0.0,136985972.68997806,0.0,0.0,0.0,0.0,16103347673.466156,True,True,True,True,True,False,A-H
severe,19,2028-04-25,16103347673.466156,0.0,0.0,0.0,121063918.41421005,0.0,0.0,0.0,0.0,15982283755.051947,True,True,True,True,True,False,A-H
severe,20,2028-05-25,15982283755.051947,0.0,0.0,0.0,129418155.0424303,0.0,0.0,0.0,0.0,15852865600.009516,True,True,True,True,True,False,A-H
severe,21,2028-06-25,15852865600.009516,0.0,0.0,0.0,293542943.3765666,0.0,0.0,0.0,0.0,15559322656.63295,False,True,True,False,True,False,A-H
severe,22,2028-07-25,15559322656.63295,0.0,0.0,0.0,354499392.7796986,0.0,0.0,0.0,0.0,15204823263.85325,True,True,True,True,True,False,A-H
severe,23,2028-08-25,15204823263.85325,0.0,0.0,0.0,314983410.8764467,0.0,0.0,0.0,0.0,14889839852.976803,True,True,True,True,True,False,A-H
severe,24,2028-09-25,14889839852.976803,0.0,0.0,0.0,360670995.37575567,0.0,0.0,0.0,0.0,14529168857.601048,False,True,True,False,True,False,A-H
severe,25,2028-10-25,14529168857.601048,0.0,0.0,0.0,401369079.344875,0.0,0.0,0.0,0.0,14127799778.256172,True,True,True,True,True,False,A-H
severe,26,2028-11-25,14127799778.256172,0.0,0.0,0.0,370076709.66347086,0.0,0.0,0.0,0.0,13757723068.592701,True,True,True,True,True,False,A-H
severe,27,2028-12-25,13757723068.592701,0.0,0.0,0.0,199451751.51341984,0.0,0.0,0.0,0.0,13558271317.07928,True,True,True,True,True,False,A-H
severe,28,2029-01-25,13558271317.07928,0.0,0.0,0.0,251328907.19705302,0.0,0.0,0.0,0.0,13306942409.882227,False,True,True,False,True,False,A-H
severe,29,2029-02-25,13306942409.882227,0.0,0.0,0.0,243507411.41977388,0.0,0.0,0.0,0.0,13063434998.462454,True,True,True,True,True,False,A-H
severe,30,2029-03-25,13063434998.462454,0.0,0.0,0.0,222307174.3918183,0.0,0.0,0.0,0.0,12841127824.070635,True,True,True,True,True,False,A-H
severe,31,2029-04-25,12841127824.070635,0.0,0.0,0.0,309560936.2920988,0.0,0.0,0.0,0.0,12531566887.778536,False,True,True,False,True,False,A-H
severe,32,2029-05-25,12531566887.778536,0.0,0.0,0.0,310318586.4890734,0.0,0.0,0.0,0.0,12221248301.289463,True,True,True,True,True,False,A-H
severe,33,2029-06-25,12221248301.289463,0.0,0.0,0.0,284873661.818032,0.0,0.0,0.0,0.0,11936374639.471432,True,True,True,True,True,False,A-H
severe,34,2029-07-25,11936374639.471432,0.0,0.0,0.0,250256110.94622716,0.0,0.0,0.0,0.0,11686118528.525204,True,True,True,True,True,False,A-H
severe,35,2029-08-25,11686118528.525204,0.0,0.0,0.0,261987012.4891289,0.0,0.0,0.0,0.0,11424131516.036076,False,True,True,False,True,False,A-H
severe,36,2029-09-25,11424131516.036076,0.0,0.0,0.0,250468838.71134272,0.0,0.0,0.0,0.0,11173662677.324734,True,True,True,True,True,False,A-H
severe,37,2029-10-25,11173662677.324734,0.0,0.0,0.0,213369406.0960711,0.0,0.0,0.0,0.0,10960293271.228662,True,True,True,True,True,False,A-H
severe,38,2029-11-25,10960293271.228662,0.0,0.0,0.0,255186037.72990543,0.0,0.0,0.0,0.0,10705107233.498756,True,True,True,True,True,False,A-H
severe,39,2029-12-25,10705107233.498756,0.0,0.0,0.0,292169992.735612,0.0,0.0,0.0,0.0,10412937240.763144,False,True,True,False,True,False,A-H
severe,40,2030-01-25,10412937240.763144,0.0,0.0,0.0,310640793.7012952,0.0,0.0,0.0,0.0,10102296447.061848,True,True,True,True,True,False,A-H
severe,41,2030-02-25,10102296447.061848,0.0,0.0,0.0,326603564.954575,0.0,0.0,0.0,0.0,9775692882.107273,True,True,True,True,True,False,A-H
severe,42,2030-03-25,9775692882.107273,0.0,0.0,0.0,339946626.2492552,0.0,0.0,0.0,0.0,9435746255.858017,False,True,True,False,True,False,A-H
severe,43,2030-04-25,9435746255.858017,0.0,0.0,0.0,333469021.61635375,0.0,0.0,0.0,0.0,9102277234.241663,True,True,True,True,True,False,A-H
severe,44,2030-05-25,9102277234.241663,0.0,0.0,0.0,306048689.35970765,0.0,0.0,0.0,0.0,8796228544.881956,True,True,True,True,True,False,A-H
severe,45,2030-06-25,8796228544.881956,0.0,0.0,0.0,221261361.5087535,0.0,0.0,0.0,0.0,8574967183.373202,True,True,True,True,True,False,A-H
severe,46,2030-07-25,8574967183.373202,0.0,0.0,0.0,206666362.07041004,0.0,0.0,0.0,0.0,8368300821.302793,True,True,True,True,True,False,A-H
severe,47,2030-08-25,8368300821.302793,0.0,0.0,0.0,173653963.47756153,0.0,0.0,0.0,0.0,8194646857.825231,False,True,True,False,True,False,A-H
severe,48,2030-09-25,8194646857.825231,0.0,0.0,0.0,181305443.15764815,0.0,0.0,0.0,0.0,8013341414.6675825,True,True,True,True,True,False,A-H
severe,49,2030-10-25,8013341414.6675825,0.0,0.0,0.0,181672109.98118567,0.0,0.0,0.0,0.0,7831669304.686397,False,True,True,False,True,False,A-H
severe,50,2030-11-25,7831669304.686397,0.0,0.0,0.0,201251287.39302173,0.0,0.0,0.0,0.0,7630418017.293375,True,True,True,True,True,False,A-H
severe,51,2030-12-25,7630418017.293375,0.0,0.0,0.0,213329122.51545313,0.0,0.0,0.0,0.0,7417088894.777922,True,True,True,True,True,False,A-H
severe,52,2031-01-25,7417088894.777922,0.0,0.0,0.0,207719799.11738956,0.0,0.0,0.0,0.0,7209369095.660532,False,True,True,False,True,False,A-H
severe,53,2031-02-25,7209369095.660532,0.0,0.0,0.0,7209369095.660532,0.0,0.0,0.0,0.0,0.0,True,True,True,True,True,True,A-H
severe,1,2026-10-25,203476250.0,769867.65259375,0.0,769867.65259375,10346250.000241492,0.0,0.0,0.0,0.0,193129999.9997585,False,True,True,False,True,False,A-1
severe,2,2026-11-25,193129999.9997585,786591.7123635748,0.0,786591.7123635748,10346250.000241492,0.0,0.0,0.0,0.0,182783749.99951702,False,True,True,False,True,False,A-1
severe,3,2026-12-25,182783749.99951702,719010.8320047668,0.0,719010.8320047668,10346250.000241492,0.0,0.0,0.0,0.0,172437499.99927554,True,True,True,True,True,False,A-1
severe,4,2027-01-25,172437499.99927554,701277.3936559252,0.0,701277.3936559252,10346250.000241492,0.0,0.0,0.0,0.0,162091249.99903405,True,True,True,True,True,False,A-1
severe,5,2027-02-25,162091249.99903405,659443.8638124063,0.0,659443.8638124063,10346250.000241494,0.0,0.0,0.0,0.0,151744999.99879256,True,True,True,True,True,False,A-1
severe,6,2027-03-25,151744999.99879256,546198.4746580927,0.0,546198.4746580927,4138500.000096597,0.0,0.0,0.0,0.0,147606499.99869597,True,True,True,True,True,False,A-1
severe,7,2027-04-25,147606499.99869597,567175.1297766422,0.0,567175.1297766422,4138500.000096597,0.0,0.0,0.0,0.0,143467999.99859938,True,True,True,True,True,False,A-1
severe,8,2027-05-25,143467999.99859938,518278.0411983736,0.0,518278.0411983736,4138500.000096597,0.0,0.0,0.0,0.0,139329499.9985028,True,True,True,True,True,False,A-1
severe,9,2027-06-25,139329499.9985028,495639.96243313135,0.0,495639.96243313135,4138500.000096597,0.0,0.0,0.0,0.0,135190999.9984062,True,True,True,True,True,False,A-1
severe,10,2027-07-25,135190999.9984062,434035.27269749984,0.0,434035.27269749984,4138500.0000965972,0.0,0.0,0.0,0.0,131052499.9983096,False,True,True,False,True,False,A-1
severe,11,2027-08-25,131052499.9983096,406112.80179925956,0.0,406112.80179925956,4138500.000096597,0.0,0.0,0.0,0.0,126913999.998213,False,True,True,False,True,False,A-1
severe,12,2027-09-25,126913999.998213,327877.6231068756,0.0,327877.6231068756,4138500.000096597,0.0,0.0,0.0,0.0,122775499.9981164,False,True,True,False,True,False,A-1
severe,13,2027-10-25,122775499.9981164,234300.55606614292,0.0,234300.55606614292,4138500.0000965972,0.0,0.0,0.0,0.0,118636999.9980198,False,True,True,False,True,False,A-1
severe,14,2027-11-25,118636999.9980198,200612.89031966685,0.0,200612.89031966685,4138500.0000965972,0.0,0.0,0.0,0.0,114498499.9979232,False,True,True,False,True,False,A-1
severe,15,2027-12-25,114498499.9979232,154205.022617603,0.0,154205.022617603,4138500.000096597,0.0,0.0,0.0,0.0,110359999.9978266,False,True,True,False,True,False,A-1
severe,16,2028-01-25,110359999.9978266,138037.14708947044,0.0,138037.14708947044,4138500.000096597,0.0,0.0,0.0,0.0,106221499.99773002,False,True,True,False,True,False,A-1
severe,17,2028-02-25,106221499.99773002,134204.53996334883,0.0,134204.53996334883,4138500.000096597,0.0,0.0,0.0,0.0,102082999.99763343,False,True,True,False,True,False,A-1
severe,18,2028-03-25,102082999.99763343,120676.18973651544,0.0,120676.18973651544,4138500.0000965977,0.0,0.0,0.0,0.0,97944499.99753682,True,True,True,True,True,False,A-1
severe,19,2028-04-25,97944499.99753682,117054.7729492911,0.0,117054.7729492911,4138500.000096597,0.0,0.0,0.0,0.0,93805999.99744022,True,True,True,True,True,False,A-1
severe,20,2028-05-25,93805999.99744022,87723.9980901895,0.0,87723.9980901895,4138500.0000965972,0.0,0.0,0.0,0.0,89667499.99734361,True,True,True,True,True,False,A-1
severe,21,2028-06-25,89667499.99734361,65808.01308572337,0.0,65808.01308572337,4138500.0000965972,0.0,0.0,0.0,0.0,85528999.99724701,False,True,True,False,True,False,A-1
severe,22,2028-07-25,85528999.99724701,60583.041664716635,0.0,60583.041664716635,4138500.0000965972,0.0,0.0,0.0,0.0,81390499.9971504,True,True,True,True,True,False,A-1
severe,23,2028-08-25,81390499.9971504,59573.32430346982,0.0,59573.32430346982,4138500.0000965963,0.0,0.0,0.0,0.0,77251999.99705382,True,True,True,True,True,False,A-1
severe,24,2028-09-25,77251999.99705382,56544.172220065775,0.0,56544.172220065775,4138500.0000965972,0.0,0.0,0.0,0.0,73113499.99695721,False,True,True,False,True,False,A-1
severe,25,2028-10-25,73113499.99695721,51788.72916451136,0.0,51788.72916451136,4138500.0000965972,0.0,0.0,0.0,0.0,68974999.99686061,True,True,True,True,True,False,A-1
severe,26,2028-11-25,68974999.99686061,50485.86805325769,0.0,50485.86805325769,4138500.000096597,0.0,0.0,0.0,0.0,64836499.99676401,True,True,True,True,True,False,A-1
severe,27,2028-12-25,64836499.99676401,45925.854164374505,0.0,45925.854164374505,4138500.0000965977,0.0,0.0,0.0,0.0,60697999.996667415,True,True,True,True,True,False,A-1
severe,28,2029-01-25,60697999.996667415,44427.56388644963,0.0,44427.56388644963,4138500.0000965972,0.0,0.0,0.0,0.0,56559499.99657082,False,True,True,False,True,False,A-1
severe,29,2029-02-25,56559499.99657082,41398.41180304559,0.0,41398.41180304559,4138500.000096597,0.0,0.0,0.0,0.0,52420999.99647422,True,True,True,True,True,False,A-1
severe,30,2029-03-25,52420999.99647422,34656.105553224625,0.0,34656.105553224625,52420999.99647422,0.0,0.0,0.0,0.0,0.0,True,True,True,True,True,False,A-1
severe,31,2029-04-25,0.0,0.0,0.0,0.0,0.0,0.0,0.0,0.0,0.0,0.0,False,True,True,False,True,False,A-1
severe,32,2029-05-25,0.0,0.0,0.0,0.0,0.0,0.0,0.0,0.0,0.0,0.0,True,True,True,True,True,False,A-1
severe,33,2029-06-25,0.0,0.0,0.0,0.0,0.0,0.0,0.0,0.0,0.0,0.0,True,True,True,True,True,False,A-1
severe,34,2029-07-25,0.0,0.0,0.0,0.0,0.0,0.0,0.0,0.0,0.0,0.0,True,True,True,True,True,False,A-1
severe,35,2029-08-25,0.0,0.0,0.0,0.0,0.0,0.0,0.0,0.0,0.0,0.0,False,True,True,False,True,False,A-1
severe,36,2029-09-25,0.0,0.0,0.0,0.0,0.0,0.0,0.0,0.0,0.0,0.0,True,True,True,True,True,False,A-1
severe,37,2029-10-25,0.0,0.0,0.0,0.0,0.0,0.0,0.0,0.0,0.0,0.0,True,True,True,True,True,False,A-1
severe,38,2029-11-25,0.0,0.0,0.0,0.0,0.0,0.0,0.0,0.0,0.0,0.0,True,True,True,True,True,False,A-1
severe,39,2029-12-25,0.0,0.0,0.0,0.0,0.0,0.0,0.0,0.0,0.0,0.0,False,True,True,False,True,False,A-1
severe,40,2030-01-25,0.0,0.0,0.0,0.0,0.0,0.0,0.0,0.0,0.0,0.0,True,True,True,True,True,False,A-1
severe,41,2030-02-25,0.0,0.0,0.0,0.0,0.0,0.0,0.0,0.0,0.0,0.0,True,True,True,True,True,False,A-1
severe,42,2030-03-25,0.0,0.0,0.0,0.0,0.0,0.0,0.0,0.0,0.0,0.0,False,True,True,False,True,False,A-1
severe,43,2030-04-25,0.0,0.0,0.0,0.0,0.0,0.0,0.0,0.0,0.0,0.0,True,True,True,True,True,False,A-1
severe,44,2030-05-25,0.0,0.0,0.0,0.0,0.0,0.0,0.0,0.0,0.0,0.0,True,True,True,True,True,False,A-1
severe,45,2030-06-25,0.0,0.0,0.0,0.0,0.0,0.0,0.0,0.0,0.0,0.0,True,True,True,True,True,False,A-1
severe,46,2030-07-25,0.0,0.0,0.0,0.0,0.0,0.0,0.0,0.0,0.0,0.0,True,True,True,True,True,False,A-1
severe,47,2030-08-25,0.0,0.0,0.0,0.0,0.0,0.0,0.0,0.0,0.0,0.0,False,True,True,False,True,False,A-1
severe,48,2030-09-25,0.0,0.0,0.0,0.0,0.0,0.0,0.0,0.0,0.0,0.0,True,True,True,True,True,False,A-1
severe,49,2030-10-25,0.0,0.0,0.0,0.0,0.0,0.0,0.0,0.0,0.0,0.0,False,True,True,False,True,False,A-1
severe,50,2030-11-25,0.0,0.0,0.0,0.0,0.0,0.0,0.0,0.0,0.0,0.0,True,True,True,True,True,False,A-1
severe,51,2030-12-25,0.0,0.0,0.0,0.0,0.0,0.0,0.0,0.0,0.0,0.0,True,True,True,True,True,False,A-1
severe,52,2031-01-25,0.0,0.0,0.0,0.0,0.0,0.0,0.0,0.0,0.0,0.0,False,True,True,False,True,False,A-1
severe,53,2031-02-25,0.0,0.0,0.0,0.0,0.0,0.0,0.0,0.0,0.0,0.0,True,True,True,True,True,True,A-1
severe,1,2026-10-25,10737765.47,0.0,0.0,0.0,545988.0747585067,0.0,0.0,0.0,0.0,10191777.395241493,False,True,True,False,True,False,A-1H
severe,2,2026-11-25,10191777.395241493,0.0,0.0,0.0,545988.0747585066,0.0,0.0,0.0,0.0,9645789.320482986,False,True,True,False,True,False,A-1H
severe,3,2026-12-25,9645789.320482986,0.0,0.0,0.0,545988.0747585066,0.0,0.0,0.0,0.0,9099801.245724479,True,True,True,True,True,False,A-1H
severe,4,2027-01-25,9099801.245724479,0.0,0.0,0.0,545988.0747585066,0.0,0.0,0.0,0.0,8553813.170965971,True,True,True,True,True,False,A-1H
severe,5,2027-02-25,8553813.170965971,0.0,0.0,0.0,545988.0747585065,0.0,0.0,0.0,0.0,8007825.096207465,True,True,True,True,True,False,A-1H
severe,6,2027-03-25,8007825.096207465,0.0,0.0,0.0,218395.22990340256,0.0,0.0,0.0,0.0,7789429.866304062,True,True,True,True,True,False,A-1H
severe,7,2027-04-25,7789429.866304062,0.0,0.0,0.0,218395.22990340256,0.0,0.0,0.0,0.0,7571034.63640066,True,True,True,True,True,False,A-1H
severe,8,2027-05-25,7571034.63640066,0.0,0.0,0.0,218395.22990340253,0.0,0.0,0.0,0.0,7352639.406497257,True,True,True,True,True,False,A-1H
severe,9,2027-06-25,7352639.406497257,0.0,0.0,0.0,218395.2299034025,0.0,0.0,0.0,0.0,7134244.176593854,True,True,True,True,True,False,A-1H
severe,10,2027-07-25,7134244.176593854,0.0,0.0,0.0,218395.22990340253,0.0,0.0,0.0,0.0,6915848.946690451,False,True,True,False,True,False,A-1H
severe,11,2027-08-25,6915848.946690451,0.0,0.0,0.0,218395.2299034025,0.0,0.0,0.0,0.0,6697453.716787049,False,True,True,False,True,False,A-1H
severe,12,2027-09-25,6697453.716787049,0.0,0.0,0.0,218395.22990340253,0.0,0.0,0.0,0.0,6479058.486883646,False,True,True,False,True,False,A-1H
severe,13,2027-10-25,6479058.486883646,0.0,0.0,0.0,218395.2299034025,0.0,0.0,0.0,0.0,6260663.256980243,False,True,True,False,True,False,A-1H
severe,14,2027-11-25,6260663.256980243,0.0,0.0,0.0,218395.22990340253,0.0,0.0,0.0,0.0,6042268.02707684,False,True,True,False,True,False,A-1H
severe,15,2027-12-25,6042268.02707684,0.0,0.0,0.0,218395.2299034025,0.0,0.0,0.0,0.0,5823872.797173438,False,True,True,False,True,False,A-1H
severe,16,2028-01-25,5823872.797173438,0.0,0.0,0.0,218395.2299034025,0.0,0.0,0.0,0.0,5605477.567270035,False,True,True,False,True,False,A-1H
severe,17,2028-02-25,5605477.567270035,0.0,0.0,0.0,218395.22990340245,0.0,0.0,0.0,0.0,5387082.337366632,False,True,True,False,True,False,A-1H
severe,18,2028-03-25,5387082.337366632,0.0,0.0,0.0,218395.22990340248,0.0,0.0,0.0,0.0,5168687.107463229,True,True,True,True,True,False,A-1H
severe,19,2028-04-25,5168687.107463229,0.0,0.0,0.0,218395.22990340245,0.0,0.0,0.0,0.0,4950291.877559827,True,True,True,True,True,False,A-1H
severe,20,2028-05-25,4950291.877559827,0.0,0.0,0.0,218395.22990340248,0.0,0.0,0.0,0.0,4731896.647656424,True,True,True,True,True,False,A-1H
severe,21,2028-06-25,4731896.647656424,0.0,0.0,0.0,218395.22990340245,0.0,0.0,0.0,0.0,4513501.417753021,False,True,True,False,True,False,A-1H
severe,22,2028-07-25,4513501.417753021,0.0,0.0,0.0,218395.22990340248,0.0,0.0,0.0,0.0,4295106.1878496185,True,True,True,True,True,False,A-1H
severe,23,2028-08-25,4295106.1878496185,0.0,0.0,0.0,218395.22990340245,0.0,0.0,0.0,0.0,4076710.957946216,True,True,True,True,True,False,A-1H
severe,24,2028-09-25,4076710.957946216,0.0,0.0,0.0,218395.22990340248,0.0,0.0,0.0,0.0,3858315.728042814,False,True,True,False,True,False,A-1H
severe,25,2028-10-25,3858315.728042814,0.0,0.0,0.0,218395.22990340248,0.0,0.0,0.0,0.0,3639920.4981394117,True,True,True,True,True,False,A-1H
severe,26,2028-11-25,3639920.4981394117,0.0,0.0,0.0,218395.2299034025,0.0,0.0,0.0,0.0,3421525.2682360094,True,True,True,True,True,False,A-1H
severe,27,2028-12-25,3421525.2682360094,0.0,0.0,0.0,218395.22990340253,0.0,0.0,0.0,0.0,3203130.0383326067,True,True,True,True,True,False,A-1H
severe,28,2029-01-25,3203130.0383326067,0.0,0.0,0.0,218395.2299034025,0.0,0.0,0.0,0.0,2984734.808429204,False,True,True,False,True,False,A-1H
severe,29,2029-02-25,2984734.808429204,0.0,0.0,0.0,218395.22990340248,0.0,0.0,0.0,0.0,2766339.5785258017,True,True,True,True,True,False,A-1H
severe,30,2029-03-25,2766339.5785258017,0.0,0.0,0.0,2766339.5785258017,0.0,0.0,0.0,0.0,0.0,True,True,True,True,True,False,A-1H
severe,31,2029-04-25,0.0,0.0,0.0,0.0,0.0,0.0,0.0,0.0,0.0,0.0,False,True,True,False,True,False,A-1H
severe,32,2029-05-25,0.0,0.0,0.0,0.0,0.0,0.0,0.0,0.0,0.0,0.0,True,True,True,True,True,False,A-1H
severe,33,2029-06-25,0.0,0.0,0.0,0.0,0.0,0.0,0.0,0.0,0.0,0.0,True,True,True,True,True,False,A-1H
severe,34,2029-07-25,0.0,0.0,0.0,0.0,0.0,0.0,0.0,0.0,0.0,0.0,True,True,True,True,True,False,A-1H
severe,35,2029-08-25,0.0,0.0,0.0,0.0,0.0,0.0,0.0,0.0,0.0,0.0,False,True,True,False,True,False,A-1H
severe,36,2029-09-25,0.0,0.0,0.0,0.0,0.0,0.0,0.0,0.0,0.0,0.0,True,True,True,True,True,False,A-1H
severe,37,2029-10-25,0.0,0.0,0.0,0.0,0.0,0.0,0.0,0.0,0.0,0.0,True,True,True,True,True,False,A-1H
severe,38,2029-11-25,0.0,0.0,0.0,0.0,0.0,0.0,0.0,0.0,0.0,0.0,True,True,True,True,True,False,A-1H
severe,39,2029-12-25,0.0,0.0,0.0,0.0,0.0,0.0,0.0,0.0,0.0,0.0,False,True,True,False,True,False,A-1H
severe,40,2030-01-25,0.0,0.0,0.0,0.0,0.0,0.0,0.0,0.0,0.0,0.0,True,True,True,True,True,False,A-1H
severe,41,2030-02-25,0.0,0.0,0.0,0.0,0.0,0.0,0.0,0.0,0.0,0.0,True,True,True,True,True,False,A-1H
severe,42,2030-03-25,0.0,0.0,0.0,0.0,0.0,0.0,0.0,0.0,0.0,0.0,False,True,True,False,True,False,A-1H
severe,43,2030-04-25,0.0,0.0,0.0,0.0,0.0,0.0,0.0,0.0,0.0,0.0,True,True,True,True,True,False,A-1H
severe,44,2030-05-25,0.0,0.0,0.0,0.0,0.0,0.0,0.0,0.0,0.0,0.0,True,True,True,True,True,False,A-1H
severe,45,2030-06-25,0.0,0.0,0.0,0.0,0.0,0.0,0.0,0.0,0.0,0.0,True,True,True,True,True,False,A-1H
severe,46,2030-07-25,0.0,0.0,0.0,0.0,0.0,0.0,0.0,0.0,0.0,0.0,True,True,True,True,True,False,A-1H
severe,47,2030-08-25,0.0,0.0,0.0,0.0,0.0,0.0,0.0,0.0,0.0,0.0,False,True,True,False,True,False,A-1H
severe,48,2030-09-25,0.0,0.0,0.0,0.0,0.0,0.0,0.0,0.0,0.0,0.0,True,True,True,True,True,False,A-1H
severe,49,2030-10-25,0.0,0.0,0.0,0.0,0.0,0.0,0.0,0.0,0.0,0.0,False,True,True,False,True,False,A-1H
severe,50,2030-11-25,0.0,0.0,0.0,0.0,0.0,0.0,0.0,0.0,0.0,0.0,True,True,True,True,True,False,A-1H
severe,51,2030-12-25,0.0,0.0,0.0,0.0,0.0,0.0,0.0,0.0,0.0,0.0,True,True,True,True,True,False,A-1H
severe,52,2031-01-25,0.0,0.0,0.0,0.0,0.0,0.0,0.0,0.0,0.0,0.0,False,True,True,False,True,False,A-1H
severe,53,2031-02-25,0.0,0.0,0.0,0.0,0.0,0.0,0.0,0.0,0.0,0.0,True,True,True,True,True,True,A-1H
severe,1,2026-10-25,157810518.32,616814.246642594,0.0,616814.246642594,0.0,0.0,0.0,0.0,0.0,157810518.32,False,True,True,False,True,False,M-1
severe,2,2026-11-25,157810518.32,663124.2191738195,0.0,663124.2191738195,0.0,0.0,0.0,0.0,0.0,157810518.32,False,True,True,False,True,False,M-1
severe,3,2026-12-25,157810518.32,640500.7111828221,0.0,640500.7111828221,4109217.723139883,0.0,0.0,0.0,0.0,153701300.5968601,True,True,True,True,True,False,M-1
severe,4,2027-01-25,153701300.5968601,644933.1715588392,0.0,644933.1715588392,4043650.4826685633,0.0,0.0,0.0,0.0,149657650.11419156,True,True,True,True,True,False,M-1
severe,5,2027-02-25,149657650.11419156,628190.4131362588,0.0,628190.4131362588,4169920.4420925123,0.0,0.0,0.0,0.0,145487729.67209905,True,True,True,True,True,False,M-1
severe,6,2027-03-25,145487729.67209905,540649.314146952,0.0,540649.314146952,4473409.9221189255,0.0,0.0,0.0,0.0,141014319.74998012,True,True,True,True,True,False,M-1
severe,7,2027-04-25,141014319.74998012,560059.1539300266,0.0,560059.1539300266,4456808.15703443,0.0,0.0,0.0,0.0,136557511.5929457,True,True,True,True,True,False,M-1
severe,8,2027-05-25,136557511.5929457,510383.5960225216,0.0,510383.5960225216,4850555.710034667,0.0,0.0,0.0,0.0,131706955.88291103,True,True,True,True,True,False,M-1
severe,9,2027-06-25,131706955.88291103,485536.2633662718,0.0,485536.2633662718,5187446.529076877,0.0,0.0,0.0,0.0,126519509.35383415,True,True,True,True,True,False,M-1
severe,10,2027-07-25,126519509.35383415,422010.0977004714,0.0,422010.0977004714,0.0,0.0,0.0,0.0,0.0,126519509.35383415,False,True,True,False,True,False,M-1
severe,11,2027-08-25,126519509.35383415,408407.82066904573,0.0,408407.82066904573,0.0,0.0,0.0,0.0,0.0,126519509.35383415,False,True,True,False,True,False,M-1
severe,12,2027-09-25,126519509.35383415,343200.57441503275,0.0,343200.57441503275,0.0,0.0,0.0,0.0,0.0,126519509.35383415,False,True,True,False,True,False,M-1
severe,13,2027-10-25,126519509.35383415,257260.43386390328,0.0,257260.43386390328,0.0,0.0,0.0,0.0,0.0,126519509.35383415,False,True,True,False,True,False,M-1
severe,14,2027-11-25,126519509.35383415,230284.16566434162,0.0,230284.16566434162,0.0,0.0,0.0,0.0,0.0,126519509.35383415,False,True,True,False,True,False,M-1
severe,15,2027-12-25,126519509.35383415,186209.6932016459,0.0,186209.6932016459,0.0,0.0,0.0,0.0,0.0,126519509.35383415,False,True,True,False,True,False,M-1
severe,16,2028-01-25,126519509.35383415,174591.3976255961,0.0,174591.3976255961,0.0,0.0,0.0,0.0,0.0,126519509.35383415,False,True,True,False,True,False,M-1
severe,17,2028-02-25,126519509.35383415,176191.96936933452,0.0,176191.96936933452,0.0,0.0,0.0,0.0,0.0,126519509.35383415,False,True,True,False,True,False,M-1
severe,18,2028-03-25,126519509.35383415,164851.28919154007,0.0,164851.28919154007,4911051.286235036,0.0,0.0,0.0,0.0,121608458.06759912,True,True,True,True,True,False,M-1
severe,19,2028-04-25,121608458.06759912,161043.64273555714,0.0,161043.64273555714,4357828.995777589,0.0,0.0,0.0,0.0,117250629.07182153,True,True,True,True,True,False,M-1
severe,20,2028-05-25,117250629.07182153,124304.90080474147,0.0,124304.90080474147,4648102.464416698,0.0,0.0,0.0,0.0,112602526.60740483,True,True,True,True,True,False,M-1
severe,21,2028-06-25,112602526.60740483,97184.78682429001,0.0,97184.78682429001,0.0,0.0,0.0,0.0,0.0,112602526.60740483,False,True,True,False,True,False,M-1
severe,22,2028-07-25,112602526.60740483,93835.43883950404,0.0,93835.43883950404,12565651.95183216,0.0,0.0,0.0,0.0,100036874.65557267,True,True,True,True,True,False,M-1
severe,23,2028-08-25,100036874.65557267,86142.86428674313,0.0,86142.86428674313,11118607.15127131,0.0,0.0,0.0,0.0,88918267.50430135,True,True,True,True,True,False,M-1
severe,24,2028-09-25,88918267.50430135,76568.50812870395,0.0,76568.50812870395,0.0,0.0,0.0,0.0,0.0,88918267.50430135,False,True,True,False,True,False,M-1
severe,25,2028-10-25,88918267.50430135,74098.55625358447,0.0,74098.55625358447,14311664.147668352,0.0,0.0,0.0,0.0,74606603.35663301,True,True,True,True,True,False,M-1
severe,26,2028-11-25,74606603.35663301,64244.5751126562,0.0,64244.5751126562,13128739.88551523,0.0,0.0,0.0,0.0,61477863.47111778,True,True,True,True,True,False,M-1
severe,27,2028-12-25,61477863.47111778,51231.55289259815,0.0,51231.55289259815,7101879.171308388,0.0,0.0,0.0,0.0,54375984.29980939,True,True,True,True,True,False,M-1
severe,28,2029-01-25,54375984.29980939,46823.7642581692,0.0,46823.7642581692,0.0,0.0,0.0,0.0,0.0,54375984.29980939,False,True,True,False,True,False,M-1
severe,29,2029-02-25,54375984.29980939,46823.7642581692,0.0,46823.7642581692,8691258.181719203,0.0,0.0,0.0,0.0,45684726.11809018,True,True,True,True,True,False,M-1
severe,30,2029-03-25,45684726.11809018,35532.564758514585,0.0,35532.564758514585,9667013.72976762,0.0,0.0,0.0,0.0,36017712.38832256,True,True,True,True,True,False,M-1
severe,31,2029-04-25,36017712.38832256,31015.25233438887,0.0,31015.25233438887,0.0,0.0,0.0,0.0,0.0,36017712.38832256,False,True,True,False,True,False,M-1
severe,32,2029-05-25,36017712.38832256,30014.76032360213,0.0,30014.76032360213,10930020.784201322,0.0,0.0,0.0,0.0,25087691.604121238,True,True,True,True,True,False,M-1
severe,33,2029-06-25,25087691.604121238,21603.289992437734,0.0,21603.289992437734,9977462.531761019,0.0,0.0,0.0,0.0,15110229.07236022,True,True,True,True,True,False,M-1
severe,34,2029-07-25,15110229.07236022,12591.857560300183,0.0,12591.857560300183,8713452.267417274,0.0,0.0,0.0,0.0,6396776.804942945,True,True,True,True,True,False,M-1
severe,35,2029-08-25,6396776.804942945,5508.335582034203,0.0,5508.335582034203,0.0,0.0,0.0,0.0,0.0,6396776.804942945,False,True,True,False,True,False,M-1
severe,36,2029-09-25,6396776.804942945,5508.335582034203,0.0,5508.335582034203,6396776.804942945,0.0,0.0,0.0,0.0,0.0,True,True,True,True,True,False,M-1
severe,37,2029-10-25,0.0,0.0,0.0,0.0,0.0,0.0,0.0,0.0,0.0,0.0,True,True,True,True,True,False,M-1
severe,38,2029-11-25,0.0,0.0,0.0,0.0,0.0,0.0,0.0,0.0,0.0,0.0,True,True,True,True,True,False,M-1
severe,39,2029-12-25,0.0,0.0,0.0,0.0,0.0,0.0,0.0,0.0,0.0,0.0,False,True,True,False,True,False,M-1
severe,40,2030-01-25,0.0,0.0,0.0,0.0,0.0,0.0,0.0,0.0,0.0,0.0,True,True,True,True,True,False,M-1
severe,41,2030-02-25,0.0,0.0,0.0,0.0,0.0,0.0,0.0,0.0,0.0,0.0,True,True,True,True,True,False,M-1
severe,42,2030-03-25,0.0,0.0,0.0,0.0,0.0,0.0,0.0,0.0,0.0,0.0,False,True,True,False,True,False,M-1
severe,43,2030-04-25,0.0,0.0,0.0,0.0,0.0,0.0,0.0,0.0,0.0,0.0,True,True,True,True,True,False,M-1
severe,44,2030-05-25,0.0,0.0,0.0,0.0,0.0,0.0,0.0,0.0,0.0,0.0,True,True,True,True,True,False,M-1
severe,45,2030-06-25,0.0,0.0,0.0,0.0,0.0,0.0,0.0,0.0,0.0,0.0,True,True,True,True,True,False,M-1
severe,46,2030-07-25,0.0,0.0,0.0,0.0,0.0,0.0,0.0,0.0,0.0,0.0,True,True,True,True,True,False,M-1
severe,47,2030-08-25,0.0,0.0,0.0,0.0,0.0,0.0,0.0,0.0,0.0,0.0,False,True,True,False,True,False,M-1
severe,48,2030-09-25,0.0,0.0,0.0,0.0,0.0,0.0,0.0,0.0,0.0,0.0,True,True,True,True,True,False,M-1
severe,49,2030-10-25,0.0,0.0,0.0,0.0,0.0,0.0,0.0,0.0,0.0,0.0,False,True,True,False,True,False,M-1
severe,50,2030-11-25,0.0,0.0,0.0,0.0,0.0,0.0,0.0,0.0,0.0,0.0,True,True,True,True,True,False,M-1
severe,51,2030-12-25,0.0,0.0,0.0,0.0,0.0,0.0,0.0,0.0,0.0,0.0,True,True,True,True,True,False,M-1
severe,52,2031-01-25,0.0,0.0,0.0,0.0,0.0,0.0,0.0,0.0,0.0,0.0,False,True,True,False,True,False,M-1
severe,53,2031-02-25,0.0,0.0,0.0,0.0,0.0,0.0,0.0,0.0,0.0,0.0,True,True,True,True,True,True,M-1
severe,1,2026-10-25,8327912.15,0.0,0.0,0.0,0.0,0.0,0.0,0.0,0.0,8327912.15,False,True,True,False,True,False,M-1H
severe,2,2026-11-25,8327912.15,0.0,0.0,0.0,0.0,0.0,0.0,0.0,0.0,8327912.15,False,True,True,False,True,False,M-1H
severe,3,2026-12-25,8327912.15,0.0,0.0,0.0,216849.95758102753,0.0,0.0,0.0,0.0,8111062.192418973,True,True,True,True,True,False,M-1H
severe,4,2027-01-25,8111062.192418973,0.0,0.0,0.0,213389.8699748526,0.0,0.0,0.0,0.0,7897672.32244412,True,True,True,True,True,False,M-1H
severe,5,2027-02-25,7897672.32244412,0.0,0.0,0.0,220053.33664653797,0.0,0.0,0.0,0.0,7677618.985797582,True,True,True,True,True,False,M-1H
severe,6,2027-03-25,7677618.985797582,0.0,0.0,0.0,236068.95940106278,0.0,0.0,0.0,0.0,7441550.0263965195,True,True,True,True,True,False,M-1H
severe,7,2027-04-25,7441550.0263965195,0.0,0.0,0.0,235192.85784186088,0.0,0.0,0.0,0.0,7206357.168554659,True,True,True,True,True,False,M-1H
severe,8,2027-05-25,7206357.168554659,0.0,0.0,0.0,255971.54272023033,0.0,0.0,0.0,0.0,6950385.625834429,True,True,True,True,True,False,M-1H
severe,9,2027-06-25,6950385.625834429,0.0,0.0,0.0,273749.8072807461,0.0,0.0,0.0,0.0,6676635.818553682,True,True,True,True,True,False,M-1H
severe,10,2027-07-25,6676635.818553682,0.0,0.0,0.0,0.0,0.0,0.0,0.0,0.0,6676635.818553682,False,True,True,False,True,False,M-1H
severe,11,2027-08-25,6676635.818553682,0.0,0.0,0.0,0.0,0.0,0.0,0.0,0.0,6676635.818553682,False,True,True,False,True,False,M-1H
severe,12,2027-09-25,6676635.818553682,0.0,0.0,0.0,0.0,0.0,0.0,0.0,0.0,6676635.818553682,False,True,True,False,True,False,M-1H
severe,13,2027-10-25,6676635.818553682,0.0,0.0,0.0,0.0,0.0,0.0,0.0,0.0,6676635.818553682,False,True,True,False,True,False,M-1H
severe,14,2027-11-25,6676635.818553682,0.0,0.0,0.0,0.0,0.0,0.0,0.0,0.0,6676635.818553682,False,True,True,False,True,False,M-1H
severe,15,2027-12-25,6676635.818553682,0.0,0.0,0.0,0.0,0.0,0.0,0.0,0.0,6676635.818553682,False,True,True,False,True,False,M-1H
severe,16,2028-01-25,6676635.818553682,0.0,0.0,0.0,0.0,0.0,0.0,0.0,0.0,6676635.818553682,False,True,True,False,True,False,M-1H
severe,17,2028-02-25,6676635.818553682,0.0,0.0,0.0,0.0,0.0,0.0,0.0,0.0,6676635.818553682,False,True,True,False,True,False,M-1H
severe,18,2028-03-25,6676635.818553682,0.0,0.0,0.0,259163.9905331114,0.0,0.0,0.0,0.0,6417471.828020571,True,True,True,True,True,False,M-1H
severe,19,2028-04-25,6417471.828020571,0.0,0.0,0.0,229969.57001286963,0.0,0.0,0.0,0.0,6187502.2580077015,True,True,True,True,True,False,M-1H
severe,20,2028-05-25,6187502.2580077015,0.0,0.0,0.0,245287.7628179934,0.0,0.0,0.0,0.0,5942214.495189708,True,True,True,True,True,False,M-1H
severe,21,2028-06-25,5942214.495189708,0.0,0.0,0.0,0.0,0.0,0.0,0.0,0.0,5942214.495189708,False,True,True,False,True,False,M-1H
severe,22,2028-07-25,5942214.495189708,0.0,0.0,0.0,663109.4471798086,0.0,0.0,0.0,0.0,5279105.048009899,True,True,True,True,True,False,M-1H
severe,23,2028-08-25,5279105.048009899,0.0,0.0,0.0,586746.5906067827,0.0,0.0,0.0,0.0,4692358.457403117,True,True,True,True,True,False,M-1H
severe,24,2028-09-25,4692358.457403117,0.0,0.0,0.0,0.0,0.0,0.0,0.0,0.0,4692358.457403117,False,True,True,False,True,False,M-1H
severe,25,2028-10-25,4692358.457403117,0.0,0.0,0.0,755249.2888997862,0.0,0.0,0.0,0.0,3937109.1685033306,True,True,True,True,True,False,M-1H
severe,26,2028-11-25,3937109.1685033306,0.0,0.0,0.0,692824.4933906627,0.0,0.0,0.0,0.0,3244284.675112668,True,True,True,True,True,False,M-1H
severe,27,2028-12-25,3244284.675112668,0.0,0.0,0.0,374777.46393711393,0.0,0.0,0.0,0.0,2869507.211175554,True,True,True,True,True,False,M-1H
severe,28,2029-01-25,2869507.211175554,0.0,0.0,0.0,0.0,0.0,0.0,0.0,0.0,2869507.211175554,False,True,True,False,True,False,M-1H
severe,29,2029-02-25,2869507.211175554,0.0,0.0,0.0,458651.5232372393,0.0,0.0,0.0,0.0,2410855.687938315,True,True,True,True,True,False,M-1H
severe,30,2029-03-25,2410855.687938315,0.0,0.0,0.0,510143.6960691214,0.0,0.0,0.0,0.0,1900711.9918691935,True,True,True,True,True,False,M-1H
severe,31,2029-04-25,1900711.9918691935,0.0,0.0,0.0,0.0,0.0,0.0,0.0,0.0,1900711.9918691935,False,True,True,False,True,False,M-1H
severe,32,2029-05-25,1900711.9918691935,0.0,0.0,0.0,576794.5879496351,0.0,0.0,0.0,0.0,1323917.4039195585,True,True,True,True,True,False,M-1H
severe,33,2029-06-25,1323917.4039195585,0.0,0.0,0.0,526526.5733170832,0.0,0.0,0.0,0.0,797390.8306024753,True,True,True,True,True,False,M-1H
severe,34,2029-07-25,797390.8306024753,0.0,0.0,0.0,459822.7404533715,0.0,0.0,0.0,0.0,337568.09014910384,True,True,True,True,True,False,M-1H
severe,35,2029-08-25,337568.09014910384,0.0,0.0,0.0,0.0,0.0,0.0,0.0,0.0,337568.09014910384,False,True,True,False,True,False,M-1H
severe,36,2029-09-25,337568.09014910384,0.0,0.0,0.0,337568.09014910384,0.0,0.0,0.0,0.0,0.0,True,True,True,True,True,False,M-1H
severe,37,2029-10-25,0.0,0.0,0.0,0.0,0.0,0.0,0.0,0.0,0.0,0.0,True,True,True,True,True,False,M-1H
severe,38,2029-11-25,0.0,0.0,0.0,0.0,0.0,0.0,0.0,0.0,0.0,0.0,True,True,True,True,True,False,M-1H
severe,39,2029-12-25,0.0,0.0,0.0,0.0,0.0,0.0,0.0,0.0,0.0,0.0,False,True,True,False,True,False,M-1H
severe,40,2030-01-25,0.0,0.0,0.0,0.0,0.0,0.0,0.0,0.0,0.0,0.0,True,True,True,True,True,False,M-1H
severe,41,2030-02-25,0.0,0.0,0.0,0.0,0.0,0.0,0.0,0.0,0.0,0.0,True,True,True,True,True,False,M-1H
severe,42,2030-03-25,0.0,0.0,0.0,0.0,0.0,0.0,0.0,0.0,0.0,0.0,False,True,True,False,True,False,M-1H
severe,43,2030-04-25,0.0,0.0,0.0,0.0,0.0,0.0,0.0,0.0,0.0,0.0,True,True,True,True,True,False,M-1H
severe,44,2030-05-25,0.0,0.0,0.0,0.0,0.0,0.0,0.0,0.0,0.0,0.0,True,True,True,True,True,False,M-1H
severe,45,2030-06-25,0.0,0.0,0.0,0.0,0.0,0.0,0.0,0.0,0.0,0.0,True,True,True,True,True,False,M-1H
severe,46,2030-07-25,0.0,0.0,0.0,0.0,0.0,0.0,0.0,0.0,0.0,0.0,True,True,True,True,True,False,M-1H
severe,47,2030-08-25,0.0,0.0,0.0,0.0,0.0,0.0,0.0,0.0,0.0,0.0,False,True,True,False,True,False,M-1H
severe,48,2030-09-25,0.0,0.0,0.0,0.0,0.0,0.0,0.0,0.0,0.0,0.0,True,True,True,True,True,False,M-1H
severe,49,2030-10-25,0.0,0.0,0.0,0.0,0.0,0.0,0.0,0.0,0.0,0.0,False,True,True,False,True,False,M-1H
severe,50,2030-11-25,0.0,0.0,0.0,0.0,0.0,0.0,0.0,0.0,0.0,0.0,True,True,True,True,True,False,M-1H
severe,51,2030-12-25,0.0,0.0,0.0,0.0,0.0,0.0,0.0,0.0,0.0,0.0,True,True,True,True,True,False,M-1H
severe,52,2031-01-25,0.0,0.0,0.0,0.0,0.0,0.0,0.0,0.0,0.0,0.0,False,True,True,False,True,False,M-1H
severe,53,2031-02-25,0.0,0.0,0.0,0.0,0.0,0.0,0.0,0.0,0.0,0.0,True,True,True,True,True,True,M-1H
severe,1,2026-10-25,37850000.0,157402.06375,0.0,157402.06375,0.0,0.0,0.0,0.0,0.0,37850000.0,False,True,True,False,True,False,M-2A
severe,2,2026-11-25,37850000.0,168824.6770659583,0.0,168824.6770659583,0.0,0.0,0.0,0.0,0.0,37850000.0,False,True,True,False,True,False,M-2A
severe,3,2026-12-25,37850000.0,163083.13426666666,0.0,163083.13426666666,0.0,0.0,0.0,0.0,0.0,37850000.0,True,True,True,True,True,False,M-2A
severe,4,2027-01-25,37850000.0,168597.13581906943,0.0,168597.13581906943,0.0,0.0,0.0,0.0,0.0,37850000.0,True,True,True,True,True,False,M-2A
severe,5,2027-02-25,37850000.0,168653.90542544442,0.0,168653.90542544442,0.0,0.0,0.0,0.0,0.0,37850000.0,True,True,True,True,True,False,M-2A
severe,6,2027-03-25,37850000.0,149486.66614038887,0.0,149486.66614038887,0.0,0.0,0.0,0.0,0.0,37850000.0,True,True,True,True,True,False,M-2A
severe,7,2027-04-25,37850000.0,160104.77009429163,0.0,160104.77009429163,0.0,0.0,0.0,0.0,0.0,37850000.0,True,True,True,True,True,False,M-2A
severe,8,2027-05-25,37850000.0,150926.8462970833,0.0,150926.8462970833,0.0,0.0,0.0,0.0,0.0,37850000.0,True,True,True,True,True,False,M-2A
severe,9,2027-06-25,37850000.0,149311.53085748613,0.0,149311.53085748613,0.0,0.0,0.0,0.0,0.0,37850000.0,True,True,True,True,True,False,M-2A
severe,10,2027-07-25,37850000.0,135712.45369916668,0.0,135712.45369916668,0.0,0.0,0.0,0.0,0.0,37850000.0,False,True,True,False,True,False,M-2A
severe,11,2027-08-25,37850000.0,131958.56762929165,0.0,131958.56762929165,0.0,0.0,0.0,0.0,0.0,37850000.0,False,True,True,False,True,False,M-2A
severe,12,2027-09-25,37850000.0,112450.94952897223,0.0,112450.94952897223,0.0,0.0,0.0,0.0,0.0,37850000.0,False,True,True,False,True,False,M-2A
severe,13,2027-10-25,37850000.0,86425.39269125,0.0,86425.39269125,0.0,0.0,0.0,0.0,0.0,37850000.0,False,True,True,False,True,False,M-2A
severe,14,2027-11-25,37850000.0,78670.49864798611,0.0,78670.49864798611,0.0,0.0,0.0,0.0,0.0,37850000.0,False,True,True,False,True,False,M-2A
severe,15,2027-12-25,37850000.0,65169.61523999999,0.0,65169.61523999999,0.0,0.0,0.0,0.0,0.0,37850000.0,False,True,True,False,True,False,M-2A
severe,16,2028-01-25,37850000.0,62009.26370459722,0.0,62009.26370459722,0.0,0.0,0.0,0.0,0.0,37850000.0,False,True,True,False,True,False,M-2A
severe,17,2028-02-25,37850000.0,62488.09610609722,0.0,62488.09610609722,0.0,0.0,0.0,0.0,0.0,37850000.0,False,True,True,False,True,False,M-2A
severe,18,2028-03-25,37850000.0,58464.54692268055,0.0,58464.54692268055,0.0,0.0,0.0,0.0,0.0,37850000.0,True,True,True,True,True,False,M-2A
severe,19,2028-04-25,37850000.0,59901.91276365278,0.0,59901.91276365278,0.0,0.0,0.0,0.0,0.0,37850000.0,True,True,True,True,True,False,M-2A
severe,20,2028-05-25,37850000.0,49589.708977083326,0.0,49589.708977083326,0.0,0.0,0.0,0.0,0.0,37850000.0,True,True,True,True,True,False,M-2A
severe,21,2028-06-25,37850000.0,42445.42682054167,0.0,42445.42682054167,0.0,0.0,0.0,0.0,0.0,37850000.0,False,True,True,False,True,False,M-2A
severe,22,2028-07-25,37850000.0,41004.166666666664,0.0,41004.166666666664,0.0,0.0,0.0,0.0,0.0,37850000.0,True,True,True,True,True,False,M-2A
severe,23,2028-08-25,37850000.0,42370.97222222222,0.0,42370.97222222222,0.0,0.0,0.0,0.0,0.0,37850000.0,True,True,True,True,True,False,M-2A
severe,24,2028-09-25,37850000.0,42370.97222222222,0.0,42370.97222222222,0.0,0.0,0.0,0.0,0.0,37850000.0,False,True,True,False,True,False,M-2A
severe,25,2028-10-25,37850000.0,41004.166666666664,0.0,41004.166666666664,0.0,0.0,0.0,0.0,0.0,37850000.0,True,True,True,True,True,False,M-2A
severe,26,2028-11-25,37850000.0,42370.97222222222,0.0,42370.97222222222,0.0,0.0,0.0,0.0,0.0,37850000.0,True,True,True,True,True,False,M-2A
severe,27,2028-12-25,37850000.0,41004.166666666664,0.0,41004.166666666664,0.0,0.0,0.0,0.0,0.0,37850000.0,True,True,True,True,True,False,M-2A
severe,28,2029-01-25,37850000.0,42370.97222222222,0.0,42370.97222222222,0.0,0.0,0.0,0.0,0.0,37850000.0,False,True,True,False,True,False,M-2A
severe,29,2029-02-25,37850000.0,42370.97222222222,0.0,42370.97222222222,0.0,0.0,0.0,0.0,0.0,37850000.0,True,True,True,True,True,False,M-2A
severe,30,2029-03-25,37850000.0,38270.555555555555,0.0,38270.555555555555,0.0,0.0,0.0,0.0,0.0,37850000.0,True,True,True,True,True,False,M-2A
severe,31,2029-04-25,37850000.0,42370.97222222222,0.0,42370.97222222222,0.0,0.0,0.0,0.0,0.0,37850000.0,False,True,True,False,True,False,M-2A
severe,32,2029-05-25,37850000.0,41004.166666666664,0.0,41004.166666666664,0.0,0.0,0.0,0.0,0.0,37850000.0,True,True,True,True,True,False,M-2A
severe,33,2029-06-25,37850000.0,42370.97222222222,0.0,42370.97222222222,0.0,0.0,0.0,0.0,0.0,37850000.0,True,True,True,True,True,False,M-2A
severe,34,2029-07-25,37850000.0,41004.166666666664,0.0,41004.166666666664,0.0,0.0,0.0,0.0,0.0,37850000.0,True,True,True,True,True,False,M-2A
severe,35,2029-08-25,37850000.0,42370.97222222222,0.0,42370.97222222222,0.0,0.0,0.0,0.0,0.0,37850000.0,False,True,True,False,True,False,M-2A
severe,36,2029-09-25,37850000.0,42370.97222222222,0.0,42370.97222222222,2413487.4336544694,0.0,0.0,0.0,0.0,35436512.56634553,True,True,True,True,True,False,M-2A
severe,37,2029-10-25,35436512.56634553,38389.55528020765,0.0,38389.55528020765,7453664.205481838,0.0,0.0,0.0,0.0,27982848.36086369,True,True,True,True,True,False,M-2A
severe,38,2029-11-25,27982848.36086369,31325.244137300182,0.0,31325.244137300182,8853650.457013832,0.0,0.0,0.0,0.0,19129197.903849855,True,True,True,True,True,False,M-2A
severe,39,2029-12-25,19129197.903849855,20723.297729170674,0.0,20723.297729170674,0.0,0.0,0.0,0.0,0.0,19129197.903849855,False,True,True,False,True,False,M-2A
severe,40,2030-01-25,19129197.903849855,21414.07432014303,0.0,21414.07432014303,10918296.246561458,0.0,0.0,0.0,0.0,8210901.657288397,True,True,True,True,True,False,M-2A
severe,41,2030-02-25,8210901.657288397,9191.648244131176,0.0,9191.648244131176,8210901.657288398,0.0,0.0,0.0,0.0,0.0,True,True,True,True,True,False,M-2A
severe,42,2030-03-25,0.0,0.0,0.0,0.0,0.0,0.0,0.0,0.0,0.0,0.0,False,True,True,False,True,False,M-2A
severe,43,2030-04-25,0.0,0.0,0.0,0.0,0.0,0.0,0.0,0.0,0.0,0.0,True,True,True,True,True,False,M-2A
severe,44,2030-05-25,0.0,0.0,0.0,0.0,0.0,0.0,0.0,0.0,0.0,0.0,True,True,True,True,True,False,M-2A
severe,45,2030-06-25,0.0,0.0,0.0,0.0,0.0,0.0,0.0,0.0,0.0,0.0,True,True,True,True,True,False,M-2A
severe,46,2030-07-25,0.0,0.0,0.0,0.0,0.0,0.0,0.0,0.0,0.0,0.0,True,True,True,True,True,False,M-2A
severe,47,2030-08-25,0.0,0.0,0.0,0.0,0.0,0.0,0.0,0.0,0.0,0.0,False,True,True,False,True,False,M-2A
severe,48,2030-09-25,0.0,0.0,0.0,0.0,0.0,0.0,0.0,0.0,0.0,0.0,True,True,True,True,True,False,M-2A
severe,49,2030-10-25,0.0,0.0,0.0,0.0,0.0,0.0,0.0,0.0,0.0,0.0,False,True,True,False,True,False,M-2A
severe,50,2030-11-25,0.0,0.0,0.0,0.0,0.0,0.0,0.0,0.0,0.0,0.0,True,True,True,True,True,False,M-2A
severe,51,2030-12-25,0.0,0.0,0.0,0.0,0.0,0.0,0.0,0.0,0.0,0.0,True,True,True,True,True,False,M-2A
severe,52,2031-01-25,0.0,0.0,0.0,0.0,0.0,0.0,0.0,0.0,0.0,0.0,False,True,True,False,True,False,M-2A
severe,53,2031-02-25,0.0,0.0,0.0,0.0,0.0,0.0,0.0,0.0,0.0,0.0,True,True,True,True,True,True,M-2A
severe,1,2026-10-25,2017015.0,0.0,0.0,0.0,0.0,0.0,0.0,0.0,0.0,2017015.0,False,True,True,False,True,False,M-2AH
severe,2,2026-11-25,2017015.0,0.0,0.0,0.0,0.0,0.0,0.0,0.0,0.0,2017015.0,False,True,True,False,True,False,M-2AH
severe,3,2026-12-25,2017015.0,0.0,0.0,0.0,0.0,0.0,0.0,0.0,0.0,2017015.0,True,True,True,True,True,False,M-2AH
severe,4,2027-01-25,2017015.0,0.0,0.0,0.0,0.0,0.0,0.0,0.0,0.0,2017015.0,True,True,True,True,True,False,M-2AH
severe,5,2027-02-25,2017015.0,0.0,0.0,0.0,0.0,0.0,0.0,0.0,0.0,2017015.0,True,True,True,True,True,False,M-2AH
severe,6,2027-03-25,2017015.0,0.0,0.0,0.0,0.0,0.0,0.0,0.0,0.0,2017015.0,True,True,True,True,True,False,M-2AH
severe,7,2027-04-25,2017015.0,0.0,0.0,0.0,0.0,0.0,0.0,0.0,0.0,2017015.0,True,True,True,True,True,False,M-2AH
severe,8,2027-05-25,2017015.0,0.0,0.0,0.0,0.0,0.0,0.0,0.0,0.0,2017015.0,True,True,True,True,True,False,M-2AH
severe,9,2027-06-25,2017015.0,0.0,0.0,0.0,0.0,0.0,0.0,0.0,0.0,2017015.0,True,True,True,True,True,False,M-2AH
severe,10,2027-07-25,2017015.0,0.0,0.0,0.0,0.0,0.0,0.0,0.0,0.0,2017015.0,False,True,True,False,True,False,M-2AH
severe,11,2027-08-25,2017015.0,0.0,0.0,0.0,0.0,0.0,0.0,0.0,0.0,2017015.0,False,True,True,False,True,False,M-2AH
severe,12,2027-09-25,2017015.0,0.0,0.0,0.0,0.0,0.0,0.0,0.0,0.0,2017015.0,False,True,True,False,True,False,M-2AH
severe,13,2027-10-25,2017015.0,0.0,0.0,0.0,0.0,0.0,0.0,0.0,0.0,2017015.0,False,True,True,False,True,False,M-2AH
severe,14,2027-11-25,2017015.0,0.0,0.0,0.0,0.0,0.0,0.0,0.0,0.0,2017015.0,False,True,True,False,True,False,M-2AH
severe,15,2027-12-25,2017015.0,0.0,0.0,0.0,0.0,0.0,0.0,0.0,0.0,2017015.0,False,True,True,False,True,False,M-2AH
severe,16,2028-01-25,2017015.0,0.0,0.0,0.0,0.0,0.0,0.0,0.0,0.0,2017015.0,False,True,True,False,True,False,M-2AH
severe,17,2028-02-25,2017015.0,0.0,0.0,0.0,0.0,0.0,0.0,0.0,0.0,2017015.0,False,True,True,False,True,False,M-2AH
severe,18,2028-03-25,2017015.0,0.0,0.0,0.0,0.0,0.0,0.0,0.0,0.0,2017015.0,True,True,True,True,True,False,M-2AH
severe,19,2028-04-25,2017015.0,0.0,0.0,0.0,0.0,0.0,0.0,0.0,0.0,2017015.0,True,True,True,True,True,False,M-2AH
severe,20,2028-05-25,2017015.0,0.0,0.0,0.0,0.0,0.0,0.0,0.0,0.0,2017015.0,True,True,True,True,True,False,M-2AH
severe,21,2028-06-25,2017015.0,0.0,0.0,0.0,0.0,0.0,0.0,0.0,0.0,2017015.0,False,True,True,False,True,False,M-2AH
severe,22,2028-07-25,2017015.0,0.0,0.0,0.0,0.0,0.0,0.0,0.0,0.0,2017015.0,True,True,True,True,True,False,M-2AH
severe,23,2028-08-25,2017015.0,0.0,0.0,0.0,0.0,0.0,0.0,0.0,0.0,2017015.0,True,True,True,True,True,False,M-2AH
severe,24,2028-09-25,2017015.0,0.0,0.0,0.0,0.0,0.0,0.0,0.0,0.0,2017015.0,False,True,True,False,True,False,M-2AH
severe,25,2028-10-25,2017015.0,0.0,0.0,0.0,0.0,0.0,0.0,0.0,0.0,2017015.0,True,True,True,True,True,False,M-2AH
severe,26,2028-11-25,2017015.0,0.0,0.0,0.0,0.0,0.0,0.0,0.0,0.0,2017015.0,True,True,True,True,True,False,M-2AH
severe,27,2028-12-25,2017015.0,0.0,0.0,0.0,0.0,0.0,0.0,0.0,0.0,2017015.0,True,True,True,True,True,False,M-2AH
severe,28,2029-01-25,2017015.0,0.0,0.0,0.0,0.0,0.0,0.0,0.0,0.0,2017015.0,False,True,True,False,True,False,M-2AH
severe,29,2029-02-25,2017015.0,0.0,0.0,0.0,0.0,0.0,0.0,0.0,0.0,2017015.0,True,True,True,True,True,False,M-2AH
severe,30,2029-03-25,2017015.0,0.0,0.0,0.0,0.0,0.0,0.0,0.0,0.0,2017015.0,True,True,True,True,True,False,M-2AH
severe,31,2029-04-25,2017015.0,0.0,0.0,0.0,0.0,0.0,0.0,0.0,0.0,2017015.0,False,True,True,False,True,False,M-2AH
severe,32,2029-05-25,2017015.0,0.0,0.0,0.0,0.0,0.0,0.0,0.0,0.0,2017015.0,True,True,True,True,True,False,M-2AH
severe,33,2029-06-25,2017015.0,0.0,0.0,0.0,0.0,0.0,0.0,0.0,0.0,2017015.0,True,True,True,True,True,False,M-2AH
severe,34,2029-07-25,2017015.0,0.0,0.0,0.0,0.0,0.0,0.0,0.0,0.0,2017015.0,True,True,True,True,True,False,M-2AH
severe,35,2029-08-25,2017015.0,0.0,0.0,0.0,0.0,0.0,0.0,0.0,0.0,2017015.0,False,True,True,False,True,False,M-2AH
severe,36,2029-09-25,2017015.0,0.0,0.0,0.0,128614.01204735984,0.0,0.0,0.0,0.0,1888400.9879526403,True,True,True,True,True,False,M-2AH
severe,37,2029-10-25,1888400.9879526403,0.0,0.0,0.0,397203.50085653766,0.0,0.0,0.0,0.0,1491197.4870961027,True,True,True,True,True,False,M-2AH
severe,38,2029-11-25,1491197.4870961027,0.0,0.0,0.0,471808.3428415789,0.0,0.0,0.0,0.0,1019389.1442545238,True,True,True,True,True,False,M-2AH
severe,39,2029-12-25,1019389.1442545238,0.0,0.0,0.0,0.0,0.0,0.0,0.0,0.0,1019389.1442545238,False,True,True,False,True,False,M-2AH
severe,40,2030-01-25,1019389.1442545238,0.0,0.0,0.0,581832.6896633597,0.0,0.0,0.0,0.0,437556.45459116413,True,True,True,True,True,False,M-2AH
severe,41,2030-02-25,437556.45459116413,0.0,0.0,0.0,437556.45459116413,0.0,0.0,0.0,0.0,0.0,True,True,True,True,True,False,M-2AH
severe,42,2030-03-25,0.0,0.0,0.0,0.0,0.0,0.0,0.0,0.0,0.0,0.0,False,True,True,False,True,False,M-2AH
severe,43,2030-04-25,0.0,0.0,0.0,0.0,0.0,0.0,0.0,0.0,0.0,0.0,True,True,True,True,True,False,M-2AH
severe,44,2030-05-25,0.0,0.0,0.0,0.0,0.0,0.0,0.0,0.0,0.0,0.0,True,True,True,True,True,False,M-2AH
severe,45,2030-06-25,0.0,0.0,0.0,0.0,0.0,0.0,0.0,0.0,0.0,0.0,True,True,True,True,True,False,M-2AH
severe,46,2030-07-25,0.0,0.0,0.0,0.0,0.0,0.0,0.0,0.0,0.0,0.0,True,True,True,True,True,False,M-2AH
severe,47,2030-08-25,0.0,0.0,0.0,0.0,0.0,0.0,0.0,0.0,0.0,0.0,False,True,True,False,True,False,M-2AH
severe,48,2030-09-25,0.0,0.0,0.0,0.0,0.0,0.0,0.0,0.0,0.0,0.0,True,True,True,True,True,False,M-2AH
severe,49,2030-10-25,0.0,0.0,0.0,0.0,0.0,0.0,0.0,0.0,0.0,0.0,False,True,True,False,True,False,M-2AH
severe,50,2030-11-25,0.0,0.0,0.0,0.0,0.0,0.0,0.0,0.0,0.0,0.0,True,True,True,True,True,False,M-2AH
severe,51,2030-12-25,0.0,0.0,0.0,0.0,0.0,0.0,0.0,0.0,0.0,0.0,True,True,True,True,True,False,M-2AH
severe,52,2031-01-25,0.0,0.0,0.0,0.0,0.0,0.0,0.0,0.0,0.0,0.0,False,True,True,False,True,False,M-2AH
severe,53,2031-02-25,0.0,0.0,0.0,0.0,0.0,0.0,0.0,0.0,0.0,0.0,True,True,True,True,True,True,M-2AH
severe,1,2026-10-25,37850000.0,157402.06375,0.0,157402.06375,0.0,0.0,0.0,0.0,0.0,37850000.0,False,True,True,False,True,False,M-2B
severe,2,2026-11-25,37850000.0,168824.6770659583,0.0,168824.6770659583,0.0,0.0,0.0,0.0,0.0,37850000.0,False,True,True,False,True,False,M-2B
severe,3,2026-12-25,37850000.0,163083.13426666666,0.0,163083.13426666666,0.0,0.0,0.0,0.0,0.0,37850000.0,True,True,True,True,True,False,M-2B
severe,4,2027-01-25,37850000.0,168597.13581906943,0.0,168597.13581906943,0.0,0.0,0.0,0.0,0.0,37850000.0,True,True,True,True,True,False,M-2B
severe,5,2027-02-25,37850000.0,168653.90542544442,0.0,168653.90542544442,0.0,0.0,0.0,0.0,0.0,37850000.0,True,True,True,True,True,False,M-2B
severe,6,2027-03-25,37850000.0,149486.66614038887,0.0,149486.66614038887,0.0,0.0,0.0,0.0,0.0,37850000.0,True,True,True,True,True,False,M-2B
severe,7,2027-04-25,37850000.0,160104.77009429163,0.0,160104.77009429163,0.0,0.0,0.0,0.0,0.0,37850000.0,True,True,True,True,True,False,M-2B
severe,8,2027-05-25,37850000.0,150926.8462970833,0.0,150926.8462970833,0.0,0.0,0.0,0.0,0.0,37850000.0,True,True,True,True,True,False,M-2B
severe,9,2027-06-25,37850000.0,149311.53085748613,0.0,149311.53085748613,0.0,0.0,0.0,0.0,0.0,37850000.0,True,True,True,True,True,False,M-2B
severe,10,2027-07-25,37850000.0,135712.45369916668,0.0,135712.45369916668,0.0,0.0,0.0,0.0,0.0,37850000.0,False,True,True,False,True,False,M-2B
severe,11,2027-08-25,37850000.0,131958.56762929165,0.0,131958.56762929165,0.0,0.0,0.0,0.0,0.0,37850000.0,False,True,True,False,True,False,M-2B
severe,12,2027-09-25,37850000.0,112450.94952897223,0.0,112450.94952897223,0.0,0.0,0.0,0.0,0.0,37850000.0,False,True,True,False,True,False,M-2B
severe,13,2027-10-25,37850000.0,86425.39269125,0.0,86425.39269125,0.0,0.0,0.0,0.0,0.0,37850000.0,False,True,True,False,True,False,M-2B
severe,14,2027-11-25,37850000.0,78670.49864798611,0.0,78670.49864798611,0.0,0.0,0.0,0.0,0.0,37850000.0,False,True,True,False,True,False,M-2B
severe,15,2027-12-25,37850000.0,65169.61523999999,0.0,65169.61523999999,0.0,0.0,0.0,0.0,0.0,37850000.0,False,True,True,False,True,False,M-2B
severe,16,2028-01-25,37850000.0,62009.26370459722,0.0,62009.26370459722,0.0,0.0,0.0,0.0,0.0,37850000.0,False,True,True,False,True,False,M-2B
severe,17,2028-02-25,37850000.0,62488.09610609722,0.0,62488.09610609722,0.0,0.0,0.0,0.0,0.0,37850000.0,False,True,True,False,True,False,M-2B
severe,18,2028-03-25,37850000.0,58464.54692268055,0.0,58464.54692268055,0.0,0.0,0.0,0.0,0.0,37850000.0,True,True,True,True,True,False,M-2B
severe,19,2028-04-25,37850000.0,59901.91276365278,0.0,59901.91276365278,0.0,0.0,0.0,0.0,0.0,37850000.0,True,True,True,True,True,False,M-2B
severe,20,2028-05-25,37850000.0,49589.708977083326,0.0,49589.708977083326,0.0,0.0,0.0,0.0,0.0,37850000.0,True,True,True,True,True,False,M-2B
severe,21,2028-06-25,37850000.0,42445.42682054167,0.0,42445.42682054167,0.0,0.0,0.0,0.0,0.0,37850000.0,False,True,True,False,True,False,M-2B
severe,22,2028-07-25,37850000.0,41004.166666666664,0.0,41004.166666666664,0.0,0.0,0.0,0.0,0.0,37850000.0,True,True,True,True,True,False,M-2B
severe,23,2028-08-25,37850000.0,42370.97222222222,0.0,42370.97222222222,0.0,0.0,0.0,0.0,0.0,37850000.0,True,True,True,True,True,False,M-2B
severe,24,2028-09-25,37850000.0,42370.97222222222,0.0,42370.97222222222,0.0,0.0,0.0,0.0,0.0,37850000.0,False,True,True,False,True,False,M-2B
severe,25,2028-10-25,37850000.0,41004.166666666664,0.0,41004.166666666664,0.0,0.0,0.0,0.0,0.0,37850000.0,True,True,True,True,True,False,M-2B
severe,26,2028-11-25,37850000.0,42370.97222222222,0.0,42370.97222222222,0.0,0.0,0.0,0.0,0.0,37850000.0,True,True,True,True,True,False,M-2B
severe,27,2028-12-25,37850000.0,41004.166666666664,0.0,41004.166666666664,0.0,0.0,0.0,0.0,0.0,37850000.0,True,True,True,True,True,False,M-2B
severe,28,2029-01-25,37850000.0,42370.97222222222,0.0,42370.97222222222,0.0,0.0,0.0,0.0,0.0,37850000.0,False,True,True,False,True,False,M-2B
severe,29,2029-02-25,37850000.0,42370.97222222222,0.0,42370.97222222222,0.0,0.0,0.0,0.0,0.0,37850000.0,True,True,True,True,True,False,M-2B
severe,30,2029-03-25,37850000.0,38270.555555555555,0.0,38270.555555555555,0.0,0.0,0.0,0.0,0.0,37850000.0,True,True,True,True,True,False,M-2B
severe,31,2029-04-25,37850000.0,42370.97222222222,0.0,42370.97222222222,0.0,0.0,0.0,0.0,0.0,37850000.0,False,True,True,False,True,False,M-2B
severe,32,2029-05-25,37850000.0,41004.166666666664,0.0,41004.166666666664,0.0,0.0,0.0,0.0,0.0,37850000.0,True,True,True,True,True,False,M-2B
severe,33,2029-06-25,37850000.0,42370.97222222222,0.0,42370.97222222222,0.0,0.0,0.0,0.0,0.0,37850000.0,True,True,True,True,True,False,M-2B
severe,34,2029-07-25,37850000.0,41004.166666666664,0.0,41004.166666666664,0.0,0.0,0.0,0.0,0.0,37850000.0,True,True,True,True,True,False,M-2B
severe,35,2029-08-25,37850000.0,42370.97222222222,0.0,42370.97222222222,0.0,0.0,0.0,0.0,0.0,37850000.0,False,True,True,False,True,False,M-2B
severe,36,2029-09-25,37850000.0,42370.97222222222,0.0,42370.97222222222,0.0,0.0,0.0,0.0,0.0,37850000.0,True,True,True,True,True,False,M-2B
severe,37,2029-10-25,37850000.0,41004.166666666664,0.0,41004.166666666664,0.0,0.0,0.0,0.0,0.0,37850000.0,True,True,True,True,True,False,M-2B
severe,38,2029-11-25,37850000.0,42370.97222222222,0.0,42370.97222222222,0.0,0.0,0.0,0.0,0.0,37850000.0,True,True,True,True,True,False,M-2B
severe,39,2029-12-25,37850000.0,41004.166666666664,0.0,41004.166666666664,0.0,0.0,0.0,0.0,0.0,37850000.0,False,True,True,False,True,False,M-2B
severe,40,2030-01-25,37850000.0,42370.97222222222,0.0,42370.97222222222,0.0,0.0,0.0,0.0,0.0,37850000.0,True,True,True,True,True,False,M-2B
severe,41,2030-02-25,37850000.0,42370.97222222222,0.0,42370.97222222222,3179017.9693955863,0.0,0.0,0.0,0.0,34670982.030604415,True,True,True,True,True,False,M-2B
severe,42,2030-03-25,34670982.030604415,35056.2151642778,0.0,35056.2151642778,0.0,0.0,0.0,0.0,0.0,34670982.030604415,False,True,True,False,True,False,M-2B
severe,43,2030-04-25,34670982.030604415,38812.23821759327,0.0,38812.23821759327,11863863.232610485,0.0,0.0,0.0,0.0,22807118.79799393,True,True,True,True,True,False,M-2B
severe,44,2030-05-25,22807118.79799393,24707.71203116009,0.0,24707.71203116009,10800566.593397524,0.0,0.0,0.0,0.0,12006552.204596404,True,True,True,True,True,False,M-2B
severe,45,2030-06-25,12006552.204596404,13440.66816236764,0.0,13440.66816236764,7743188.055773592,0.0,0.0,0.0,0.0,4263364.148822812,True,True,True,True,True,False,M-2B
severe,46,2030-07-25,4263364.148822812,4618.644494558047,0.0,4618.644494558047,4263364.148822812,0.0,0.0,0.0,0.0,0.0,True,True,True,True,True,False,M-2B
severe,47,2030-08-25,0.0,0.0,0.0,0.0,0.0,0.0,0.0,0.0,0.0,0.0,False,True,True,False,True,False,M-2B
severe,48,2030-09-25,0.0,0.0,0.0,0.0,0.0,0.0,0.0,0.0,0.0,0.0,True,True,True,True,True,False,M-2B
severe,49,2030-10-25,0.0,0.0,0.0,0.0,0.0,0.0,0.0,0.0,0.0,0.0,False,True,True,False,True,False,M-2B
severe,50,2030-11-25,0.0,0.0,0.0,0.0,0.0,0.0,0.0,0.0,0.0,0.0,True,True,True,True,True,False,M-2B
severe,51,2030-12-25,0.0,0.0,0.0,0.0,0.0,0.0,0.0,0.0,0.0,0.0,True,True,True,True,True,False,M-2B
severe,52,2031-01-25,0.0,0.0,0.0,0.0,0.0,0.0,0.0,0.0,0.0,0.0,False,True,True,False,True,False,M-2B
severe,53,2031-02-25,0.0,0.0,0.0,0.0,0.0,0.0,0.0,0.0,0.0,0.0,True,True,True,True,True,True,M-2B
severe,1,2026-10-25,2017015.0,0.0,0.0,0.0,0.0,0.0,0.0,0.0,0.0,2017015.0,False,True,True,False,True,False,M-2BH
severe,2,2026-11-25,2017015.0,0.0,0.0,0.0,0.0,0.0,0.0,0.0,0.0,2017015.0,False,True,True,False,True,False,M-2BH
severe,3,2026-12-25,2017015.0,0.0,0.0,0.0,0.0,0.0,0.0,0.0,0.0,2017015.0,True,True,True,True,True,False,M-2BH
severe,4,2027-01-25,2017015.0,0.0,0.0,0.0,0.0,0.0,0.0,0.0,0.0,2017015.0,True,True,True,True,True,False,M-2BH
severe,5,2027-02-25,2017015.0,0.0,0.0,0.0,0.0,0.0,0.0,0.0,0.0,2017015.0,True,True,True,True,True,False,M-2BH
severe,6,2027-03-25,2017015.0,0.0,0.0,0.0,0.0,0.0,0.0,0.0,0.0,2017015.0,True,True,True,True,True,False,M-2BH
severe,7,2027-04-25,2017015.0,0.0,0.0,0.0,0.0,0.0,0.0,0.0,0.0,2017015.0,True,True,True,True,True,False,M-2BH
severe,8,2027-05-25,2017015.0,0.0,0.0,0.0,0.0,0.0,0.0,0.0,0.0,2017015.0,True,True,True,True,True,False,M-2BH
severe,9,2027-06-25,2017015.0,0.0,0.0,0.0,0.0,0.0,0.0,0.0,0.0,2017015.0,True,True,True,True,True,False,M-2BH
severe,10,2027-07-25,2017015.0,0.0,0.0,0.0,0.0,0.0,0.0,0.0,0.0,2017015.0,False,True,True,False,True,False,M-2BH
severe,11,2027-08-25,2017015.0,0.0,0.0,0.0,0.0,0.0,0.0,0.0,0.0,2017015.0,False,True,True,False,True,False,M-2BH
severe,12,2027-09-25,2017015.0,0.0,0.0,0.0,0.0,0.0,0.0,0.0,0.0,2017015.0,False,True,True,False,True,False,M-2BH
severe,13,2027-10-25,2017015.0,0.0,0.0,0.0,0.0,0.0,0.0,0.0,0.0,2017015.0,False,True,True,False,True,False,M-2BH
severe,14,2027-11-25,2017015.0,0.0,0.0,0.0,0.0,0.0,0.0,0.0,0.0,2017015.0,False,True,True,False,True,False,M-2BH
severe,15,2027-12-25,2017015.0,0.0,0.0,0.0,0.0,0.0,0.0,0.0,0.0,2017015.0,False,True,True,False,True,False,M-2BH
severe,16,2028-01-25,2017015.0,0.0,0.0,0.0,0.0,0.0,0.0,0.0,0.0,2017015.0,False,True,True,False,True,False,M-2BH
severe,17,2028-02-25,2017015.0,0.0,0.0,0.0,0.0,0.0,0.0,0.0,0.0,2017015.0,False,True,True,False,True,False,M-2BH
severe,18,2028-03-25,2017015.0,0.0,0.0,0.0,0.0,0.0,0.0,0.0,0.0,2017015.0,True,True,True,True,True,False,M-2BH
severe,19,2028-04-25,2017015.0,0.0,0.0,0.0,0.0,0.0,0.0,0.0,0.0,2017015.0,True,True,True,True,True,False,M-2BH
severe,20,2028-05-25,2017015.0,0.0,0.0,0.0,0.0,0.0,0.0,0.0,0.0,2017015.0,True,True,True,True,True,False,M-2BH
severe,21,2028-06-25,2017015.0,0.0,0.0,0.0,0.0,0.0,0.0,0.0,0.0,2017015.0,False,True,True,False,True,False,M-2BH
severe,22,2028-07-25,2017015.0,0.0,0.0,0.0,0.0,0.0,0.0,0.0,0.0,2017015.0,True,True,True,True,True,False,M-2BH
severe,23,2028-08-25,2017015.0,0.0,0.0,0.0,0.0,0.0,0.0,0.0,0.0,2017015.0,True,True,True,True,True,False,M-2BH
severe,24,2028-09-25,2017015.0,0.0,0.0,0.0,0.0,0.0,0.0,0.0,0.0,2017015.0,False,True,True,False,True,False,M-2BH
severe,25,2028-10-25,2017015.0,0.0,0.0,0.0,0.0,0.0,0.0,0.0,0.0,2017015.0,True,True,True,True,True,False,M-2BH
severe,26,2028-11-25,2017015.0,0.0,0.0,0.0,0.0,0.0,0.0,0.0,0.0,2017015.0,True,True,True,True,True,False,M-2BH
severe,27,2028-12-25,2017015.0,0.0,0.0,0.0,0.0,0.0,0.0,0.0,0.0,2017015.0,True,True,True,True,True,False,M-2BH
severe,28,2029-01-25,2017015.0,0.0,0.0,0.0,0.0,0.0,0.0,0.0,0.0,2017015.0,False,True,True,False,True,False,M-2BH
severe,29,2029-02-25,2017015.0,0.0,0.0,0.0,0.0,0.0,0.0,0.0,0.0,2017015.0,True,True,True,True,True,False,M-2BH
severe,30,2029-03-25,2017015.0,0.0,0.0,0.0,0.0,0.0,0.0,0.0,0.0,2017015.0,True,True,True,True,True,False,M-2BH
severe,31,2029-04-25,2017015.0,0.0,0.0,0.0,0.0,0.0,0.0,0.0,0.0,2017015.0,False,True,True,False,True,False,M-2BH
severe,32,2029-05-25,2017015.0,0.0,0.0,0.0,0.0,0.0,0.0,0.0,0.0,2017015.0,True,True,True,True,True,False,M-2BH
severe,33,2029-06-25,2017015.0,0.0,0.0,0.0,0.0,0.0,0.0,0.0,0.0,2017015.0,True,True,True,True,True,False,M-2BH
severe,34,2029-07-25,2017015.0,0.0,0.0,0.0,0.0,0.0,0.0,0.0,0.0,2017015.0,True,True,True,True,True,False,M-2BH
severe,35,2029-08-25,2017015.0,0.0,0.0,0.0,0.0,0.0,0.0,0.0,0.0,2017015.0,False,True,True,False,True,False,M-2BH
severe,36,2029-09-25,2017015.0,0.0,0.0,0.0,0.0,0.0,0.0,0.0,0.0,2017015.0,True,True,True,True,True,False,M-2BH
severe,37,2029-10-25,2017015.0,0.0,0.0,0.0,0.0,0.0,0.0,0.0,0.0,2017015.0,True,True,True,True,True,False,M-2BH
severe,38,2029-11-25,2017015.0,0.0,0.0,0.0,0.0,0.0,0.0,0.0,0.0,2017015.0,True,True,True,True,True,False,M-2BH
severe,39,2029-12-25,2017015.0,0.0,0.0,0.0,0.0,0.0,0.0,0.0,0.0,2017015.0,False,True,True,False,True,False,M-2BH
severe,40,2030-01-25,2017015.0,0.0,0.0,0.0,0.0,0.0,0.0,0.0,0.0,2017015.0,True,True,True,True,True,False,M-2BH
severe,41,2030-02-25,2017015.0,0.0,0.0,0.0,169408.9017051635,0.0,0.0,0.0,0.0,1847606.0982948365,True,True,True,True,True,False,M-2BH
severe,42,2030-03-25,1847606.0982948365,0.0,0.0,0.0,0.0,0.0,0.0,0.0,0.0,1847606.0982948365,False,True,True,False,True,False,M-2BH
severe,43,2030-04-25,1847606.0982948365,0.0,0.0,0.0,632221.6670574329,0.0,0.0,0.0,0.0,1215384.4312374035,True,True,True,True,True,False,M-2BH
severe,44,2030-05-25,1215384.4312374035,0.0,0.0,0.0,575558.9122161613,0.0,0.0,0.0,0.0,639825.5190212423,True,True,True,True,True,False,M-2BH
severe,45,2030-06-25,639825.5190212423,0.0,0.0,0.0,412632.1388722899,0.0,0.0,0.0,0.0,227193.38014895236,True,True,True,True,True,False,M-2BH
severe,46,2030-07-25,227193.38014895236,0.0,0.0,0.0,227193.38014895236,0.0,0.0,0.0,0.0,0.0,True,True,True,True,True,False,M-2BH
severe,47,2030-08-25,0.0,0.0,0.0,0.0,0.0,0.0,0.0,0.0,0.0,0.0,False,True,True,False,True,False,M-2BH
severe,48,2030-09-25,0.0,0.0,0.0,0.0,0.0,0.0,0.0,0.0,0.0,0.0,True,True,True,True,True,False,M-2BH
severe,49,2030-10-25,0.0,0.0,0.0,0.0,0.0,0.0,0.0,0.0,0.0,0.0,False,True,True,False,True,False,M-2BH
severe,50,2030-11-25,0.0,0.0,0.0,0.0,0.0,0.0,0.0,0.0,0.0,0.0,True,True,True,True,True,False,M-2BH
severe,51,2030-12-25,0.0,0.0,0.0,0.0,0.0,0.0,0.0,0.0,0.0,0.0,True,True,True,True,True,False,M-2BH
severe,52,2031-01-25,0.0,0.0,0.0,0.0,0.0,0.0,0.0,0.0,0.0,0.0,False,True,True,False,True,False,M-2BH
severe,53,2031-02-25,0.0,0.0,0.0,0.0,0.0,0.0,0.0,0.0,0.0,0.0,True,True,True,True,True,True,M-2BH
severe,1,2026-10-25,102515181.0,0.0,0.0,0.0,0.0,0.0,0.0,0.0,0.0,102515181.0,False,True,True,False,True,False,B-1H
severe,2,2026-11-25,102515181.0,0.0,0.0,0.0,0.0,0.0,0.0,0.0,0.0,102515181.0,False,True,True,False,True,False,B-1H
severe,3,2026-12-25,102515181.0,0.0,0.0,0.0,0.0,0.0,0.0,0.0,0.0,102515181.0,True,True,True,True,True,False,B-1H
severe,4,2027-01-25,102515181.0,0.0,0.0,0.0,0.0,0.0,0.0,0.0,0.0,102515181.0,True,True,True,True,True,False,B-1H
severe,5,2027-02-25,102515181.0,0.0,0.0,0.0,0.0,0.0,0.0,0.0,0.0,102515181.0,True,True,True,True,True,False,B-1H
severe,6,2027-03-25,102515181.0,0.0,0.0,0.0,0.0,0.0,0.0,0.0,0.0,102515181.0,True,True,True,True,True,False,B-1H
severe,7,2027-04-25,102515181.0,0.0,0.0,0.0,0.0,0.0,0.0,0.0,0.0,102515181.0,True,True,True,True,True,False,B-1H
severe,8,2027-05-25,102515181.0,0.0,0.0,0.0,0.0,0.0,0.0,0.0,0.0,102515181.0,True,True,True,True,True,False,B-1H
severe,9,2027-06-25,102515181.0,0.0,0.0,0.0,0.0,0.0,0.0,0.0,0.0,102515181.0,True,True,True,True,True,False,B-1H
severe,10,2027-07-25,102515181.0,0.0,0.0,0.0,0.0,0.0,0.0,0.0,0.0,102515181.0,False,True,True,False,True,False,B-1H
severe,11,2027-08-25,102515181.0,0.0,0.0,0.0,0.0,0.0,0.0,0.0,0.0,102515181.0,False,True,True,False,True,False,B-1H
severe,12,2027-09-25,102515181.0,0.0,0.0,0.0,0.0,0.0,0.0,0.0,0.0,102515181.0,False,True,True,False,True,False,B-1H
severe,13,2027-10-25,102515181.0,0.0,0.0,0.0,0.0,0.0,0.0,0.0,0.0,102515181.0,False,True,True,False,True,False,B-1H
severe,14,2027-11-25,102515181.0,0.0,0.0,0.0,0.0,0.0,0.0,0.0,0.0,102515181.0,False,True,True,False,True,False,B-1H
severe,15,2027-12-25,102515181.0,0.0,0.0,0.0,0.0,0.0,0.0,0.0,0.0,102515181.0,False,True,True,False,True,False,B-1H
severe,16,2028-01-25,102515181.0,0.0,0.0,0.0,0.0,0.0,0.0,0.0,0.0,102515181.0,False,True,True,False,True,False,B-1H
severe,17,2028-02-25,102515181.0,0.0,0.0,0.0,0.0,0.0,0.0,0.0,0.0,102515181.0,False,True,True,False,True,False,B-1H
severe,18,2028-03-25,102515181.0,0.0,0.0,0.0,0.0,0.0,0.0,0.0,0.0,102515181.0,True,True,True,True,True,False,B-1H
severe,19,2028-04-25,102515181.0,0.0,0.0,0.0,0.0,0.0,0.0,0.0,0.0,102515181.0,True,True,True,True,True,False,B-1H
severe,20,2028-05-25,102515181.0,0.0,0.0,0.0,0.0,0.0,0.0,0.0,0.0,102515181.0,True,True,True,True,True,False,B-1H
severe,21,2028-06-25,102515181.0,0.0,0.0,0.0,0.0,0.0,0.0,0.0,0.0,102515181.0,False,True,True,False,True,False,B-1H
severe,22,2028-07-25,102515181.0,0.0,0.0,0.0,0.0,0.0,0.0,0.0,0.0,102515181.0,True,True,True,True,True,False,B-1H
severe,23,2028-08-25,102515181.0,0.0,0.0,0.0,0.0,0.0,0.0,0.0,0.0,102515181.0,True,True,True,True,True,False,B-1H
severe,24,2028-09-25,102515181.0,0.0,0.0,0.0,0.0,0.0,0.0,0.0,0.0,102515181.0,False,True,True,False,True,False,B-1H
severe,25,2028-10-25,102515181.0,0.0,0.0,0.0,0.0,0.0,0.0,0.0,0.0,102515181.0,True,True,True,True,True,False,B-1H
severe,26,2028-11-25,102515181.0,0.0,0.0,0.0,0.0,0.0,0.0,0.0,0.0,102515181.0,True,True,True,True,True,False,B-1H
severe,27,2028-12-25,102515181.0,0.0,0.0,0.0,0.0,0.0,0.0,0.0,0.0,102515181.0,True,True,True,True,True,False,B-1H
severe,28,2029-01-25,102515181.0,0.0,0.0,0.0,0.0,0.0,0.0,0.0,0.0,102515181.0,False,True,True,False,True,False,B-1H
severe,29,2029-02-25,102515181.0,0.0,0.0,0.0,0.0,0.0,0.0,0.0,0.0,102515181.0,True,True,True,True,True,False,B-1H
severe,30,2029-03-25,102515181.0,0.0,0.0,0.0,0.0,0.0,0.0,0.0,0.0,102515181.0,True,True,True,True,True,False,B-1H
severe,31,2029-04-25,102515181.0,0.0,0.0,0.0,0.0,0.0,0.0,0.0,0.0,102515181.0,False,True,True,False,True,False,B-1H
severe,32,2029-05-25,102515181.0,0.0,0.0,0.0,0.0,0.0,0.0,0.0,0.0,102515181.0,True,True,True,True,True,False,B-1H
severe,33,2029-06-25,102515181.0,0.0,0.0,0.0,0.0,0.0,0.0,0.0,0.0,102515181.0,True,True,True,True,True,False,B-1H
severe,34,2029-07-25,102515181.0,0.0,0.0,0.0,0.0,0.0,0.0,0.0,0.0,102515181.0,True,True,True,True,True,False,B-1H
severe,35,2029-08-25,102515181.0,0.0,0.0,0.0,0.0,0.0,0.0,0.0,0.0,102515181.0,False,True,True,False,True,False,B-1H
severe,36,2029-09-25,102515181.0,0.0,0.0,0.0,0.0,0.0,0.0,0.0,0.0,102515181.0,True,True,True,True,True,False,B-1H
severe,37,2029-10-25,102515181.0,0.0,0.0,0.0,0.0,0.0,0.0,0.0,0.0,102515181.0,True,True,True,True,True,False,B-1H
severe,38,2029-11-25,102515181.0,0.0,0.0,0.0,0.0,0.0,0.0,0.0,0.0,102515181.0,True,True,True,True,True,False,B-1H
severe,39,2029-12-25,102515181.0,0.0,0.0,0.0,0.0,0.0,0.0,0.0,0.0,102515181.0,False,True,True,False,True,False,B-1H
severe,40,2030-01-25,102515181.0,0.0,0.0,0.0,0.0,0.0,0.0,0.0,0.0,102515181.0,True,True,True,True,True,False,B-1H
severe,41,2030-02-25,102515181.0,0.0,0.0,0.0,0.0,0.0,0.0,0.0,0.0,102515181.0,True,True,True,True,True,False,B-1H
severe,42,2030-03-25,102515181.0,0.0,0.0,0.0,0.0,0.0,0.0,0.0,0.0,102515181.0,False,True,True,False,True,False,B-1H
severe,43,2030-04-25,102515181.0,0.0,0.0,0.0,0.0,0.0,0.0,0.0,0.0,102515181.0,True,True,True,True,True,False,B-1H
severe,44,2030-05-25,102515181.0,0.0,0.0,0.0,0.0,0.0,0.0,0.0,0.0,102515181.0,True,True,True,True,True,False,B-1H
severe,45,2030-06-25,102515181.0,0.0,0.0,0.0,0.0,0.0,0.0,0.0,0.0,102515181.0,True,True,True,True,True,False,B-1H
severe,46,2030-07-25,102515181.0,0.0,0.0,0.0,3063362.9537773095,0.0,0.0,0.0,0.0,99451818.04622269,True,True,True,True,True,False,B-1H
severe,47,2030-08-25,99451818.04622269,0.0,0.0,0.0,0.0,0.0,0.0,0.0,0.0,99451818.04622269,False,True,True,False,True,False,B-1H
severe,48,2030-09-25,99451818.04622269,0.0,0.0,0.0,6653576.47437638,0.0,0.0,0.0,0.0,92798241.5718463,True,True,True,True,True,False,B-1H
severe,49,2030-10-25,92798241.5718463,0.0,0.0,0.0,0.0,0.0,0.0,0.0,0.0,92798241.5718463,False,True,True,False,True,False,B-1H
severe,50,2030-11-25,92798241.5718463,0.0,0.0,0.0,7428082.205635577,0.0,0.0,0.0,0.0,85370159.36621073,True,True,True,True,True,False,B-1H
severe,51,2030-12-25,85370159.36621073,0.0,0.0,0.0,7806382.045825392,0.0,0.0,0.0,0.0,77563777.32038534,True,True,True,True,True,False,B-1H
severe,52,2031-01-25,77563777.32038534,0.0,0.0,0.0,0.0,0.0,0.0,0.0,0.0,77563777.32038534,False,True,True,False,True,False,B-1H
severe,53,2031-02-25,77563777.32038534,0.0,0.0,0.0,77563777.32038534,0.0,0.0,0.0,0.0,0.0,True,True,True,True,True,True,B-1H
severe,1,2026-10-25,273373818.0,0.0,0.0,0.0,0.0,0.0,0.0,0.0,0.0,273373818.0,False,True,True,False,True,False,B-2H
severe,2,2026-11-25,273373818.0,0.0,0.0,0.0,0.0,0.0,0.0,0.0,0.0,273373818.0,False,True,True,False,True,False,B-2H
severe,3,2026-12-25,273373818.0,0.0,0.0,0.0,0.0,0.0,0.0,0.0,0.0,273373818.0,True,True,True,True,True,False,B-2H
severe,4,2027-01-25,273373818.0,0.0,0.0,0.0,0.0,0.0,0.0,0.0,0.0,273373818.0,True,True,True,True,True,False,B-2H
severe,5,2027-02-25,273373818.0,0.0,0.0,0.0,0.0,0.0,0.0,0.0,0.0,273373818.0,True,True,True,True,True,False,B-2H
severe,6,2027-03-25,273373818.0,0.0,0.0,0.0,0.0,0.0,0.0,0.0,0.0,273373818.0,True,True,True,True,True,False,B-2H
severe,7,2027-04-25,273373818.0,0.0,0.0,0.0,0.0,0.0,0.0,0.0,0.0,273373818.0,True,True,True,True,True,False,B-2H
severe,8,2027-05-25,273373818.0,0.0,0.0,0.0,0.0,0.0,0.0,0.0,0.0,273373818.0,True,True,True,True,True,False,B-2H
severe,9,2027-06-25,273373818.0,0.0,0.0,0.0,0.0,0.0,0.0,0.0,0.0,273373818.0,True,True,True,True,True,False,B-2H
severe,10,2027-07-25,273373818.0,0.0,0.0,0.0,0.0,0.0,0.0,0.0,0.0,273373818.0,False,True,True,False,True,False,B-2H
severe,11,2027-08-25,273373818.0,0.0,0.0,0.0,0.0,0.0,0.0,0.0,0.0,273373818.0,False,True,True,False,True,False,B-2H
severe,12,2027-09-25,273373818.0,0.0,0.0,0.0,0.0,0.0,0.0,0.0,0.0,273373818.0,False,True,True,False,True,False,B-2H
severe,13,2027-10-25,273373818.0,0.0,0.0,0.0,0.0,0.0,0.0,0.0,0.0,273373818.0,False,True,True,False,True,False,B-2H
severe,14,2027-11-25,273373818.0,0.0,0.0,0.0,0.0,0.0,0.0,0.0,0.0,273373818.0,False,True,True,False,True,False,B-2H
severe,15,2027-12-25,273373818.0,0.0,0.0,0.0,0.0,0.0,0.0,0.0,0.0,273373818.0,False,True,True,False,True,False,B-2H
severe,16,2028-01-25,273373818.0,0.0,0.0,0.0,0.0,0.0,0.0,0.0,0.0,273373818.0,False,True,True,False,True,False,B-2H
severe,17,2028-02-25,273373818.0,0.0,0.0,0.0,0.0,0.0,0.0,0.0,0.0,273373818.0,False,True,True,False,True,False,B-2H
severe,18,2028-03-25,273373818.0,0.0,0.0,0.0,0.0,0.0,0.0,0.0,0.0,273373818.0,True,True,True,True,True,False,B-2H
severe,19,2028-04-25,273373818.0,0.0,0.0,0.0,0.0,0.0,0.0,0.0,0.0,273373818.0,True,True,True,True,True,False,B-2H
severe,20,2028-05-25,273373818.0,0.0,0.0,0.0,0.0,0.0,0.0,0.0,0.0,273373818.0,True,True,True,True,True,False,B-2H
severe,21,2028-06-25,273373818.0,0.0,0.0,0.0,0.0,0.0,0.0,0.0,0.0,273373818.0,False,True,True,False,True,False,B-2H
severe,22,2028-07-25,273373818.0,0.0,0.0,0.0,0.0,0.0,0.0,0.0,0.0,273373818.0,True,True,True,True,True,False,B-2H
severe,23,2028-08-25,273373818.0,0.0,0.0,0.0,0.0,0.0,0.0,0.0,0.0,273373818.0,True,True,True,True,True,False,B-2H
severe,24,2028-09-25,273373818.0,0.0,0.0,0.0,0.0,0.0,0.0,0.0,0.0,273373818.0,False,True,True,False,True,False,B-2H
severe,25,2028-10-25,273373818.0,0.0,0.0,0.0,0.0,0.0,0.0,0.0,0.0,273373818.0,True,True,True,True,True,False,B-2H
severe,26,2028-11-25,273373818.0,0.0,0.0,0.0,0.0,0.0,0.0,0.0,0.0,273373818.0,True,True,True,True,True,False,B-2H
severe,27,2028-12-25,273373818.0,0.0,0.0,0.0,0.0,0.0,0.0,0.0,0.0,273373818.0,True,True,True,True,True,False,B-2H
severe,28,2029-01-25,273373818.0,0.0,0.0,0.0,0.0,0.0,0.0,0.0,0.0,273373818.0,False,True,True,False,True,False,B-2H
severe,29,2029-02-25,273373818.0,0.0,0.0,0.0,0.0,0.0,0.0,0.0,0.0,273373818.0,True,True,True,True,True,False,B-2H
severe,30,2029-03-25,273373818.0,0.0,0.0,0.0,0.0,0.0,0.0,0.0,0.0,273373818.0,True,True,True,True,True,False,B-2H
severe,31,2029-04-25,273373818.0,0.0,0.0,0.0,0.0,0.0,0.0,0.0,0.0,273373818.0,False,True,True,False,True,False,B-2H
severe,32,2029-05-25,273373818.0,0.0,0.0,0.0,0.0,0.0,0.0,0.0,0.0,273373818.0,True,True,True,True,True,False,B-2H
severe,33,2029-06-25,273373818.0,0.0,0.0,0.0,0.0,0.0,0.0,0.0,0.0,273373818.0,True,True,True,True,True,False,B-2H
severe,34,2029-07-25,273373818.0,0.0,0.0,0.0,0.0,0.0,0.0,0.0,0.0,273373818.0,True,True,True,True,True,False,B-2H
severe,35,2029-08-25,273373818.0,0.0,0.0,0.0,0.0,0.0,0.0,0.0,0.0,273373818.0,False,True,True,False,True,False,B-2H
severe,36,2029-09-25,273373818.0,0.0,0.0,0.0,0.0,0.0,0.0,0.0,0.0,273373818.0,True,True,True,True,True,False,B-2H
severe,37,2029-10-25,273373818.0,0.0,0.0,0.0,0.0,0.0,0.0,0.0,0.0,273373818.0,True,True,True,True,True,False,B-2H
severe,38,2029-11-25,273373818.0,0.0,44693.40206507091,0.0,0.0,1410038.860613656,0.0,1410038.860613656,0.0,271963779.13938636,True,True,True,True,True,False,B-2H
severe,39,2029-12-25,271963779.13938636,0.0,44896.43239218432,0.0,0.0,1765229.9183028722,0.0,1765229.9183028722,0.0,270198549.22108346,False,True,True,False,True,False,B-2H
severe,40,2030-01-25,270198549.22108346,0.0,44970.42134902979,0.0,0.0,1772639.9795971797,0.0,1772639.9795971797,0.0,268425909.24148628,True,True,True,True,True,False,B-2H
severe,41,2030-02-25,268425909.24148628,0.0,44879.13069036443,0.0,0.0,1695431.5429923155,0.0,1695431.5429923155,0.0,266730477.69849396,True,True,True,True,True,False,B-2H
severe,42,2030-03-25,266730477.69849396,0.0,44646.02547042938,0.0,0.0,1663519.46576754,0.0,1663519.46576754,0.0,265066958.23272642,False,True,True,False,True,False,B-2H
severe,43,2030-04-25,265066958.23272642,0.0,44365.895882479614,0.0,0.0,1686087.0699124455,0.0,1686087.0699124455,0.0,263380871.162814,True,True,True,True,True,False,B-2H
severe,44,2030-05-25,263380871.162814,0.0,43972.571567189705,0.0,0.0,1680798.2511849897,0.0,1680798.2511849897,0.0,261700072.911629,True,True,True,True,True,False,B-2H
severe,45,2030-06-25,261700072.911629,0.0,43639.38460863821,0.0,0.0,1643154.1509451773,0.0,1643154.1509451773,0.0,260056918.7606838,True,True,True,True,True,False,B-2H
severe,46,2030-07-25,260056918.7606838,0.0,43666.76485686998,0.0,0.0,1607806.6588746677,0.0,1607806.6588746677,0.0,258449112.10180914,True,True,True,True,True,False,B-2H
severe,47,2030-08-25,258449112.10180914,0.0,43734.926828545715,0.0,0.0,1610782.8500741418,0.0,1610782.8500741418,0.0,256838329.251735,False,True,True,False,True,False,B-2H
severe,48,2030-09-25,256838329.251735,0.0,43987.28533863827,0.0,0.0,1602990.4823655912,0.0,1602990.4823655912,0.0,255235338.76936942,True,True,True,True,True,False,B-2H
severe,49,2030-10-25,255235338.76936942,0.0,44161.16917904487,0.0,0.0,1572851.7114684852,0.0,1572851.7114684852,0.0,253662487.05790094,False,True,True,False,True,False,B-2H
severe,50,2030-11-25,253662487.05790094,0.0,44305.5298769466,0.0,0.0,1531060.1069777156,0.0,1531060.1069777156,0.0,252131426.95092323,True,True,True,True,True,False,B-2H
severe,51,2030-12-25,252131426.95092323,0.0,44264.023121501894,0.0,0.0,1475525.7048662235,0.0,1475525.7048662235,0.0,250655901.246057,True,True,True,True,True,False,B-2H
severe,52,2031-01-25,250655901.246057,0.0,44087.45457106929,0.0,0.0,1474896.0311316664,0.0,1474896.0311316664,0.0,249181005.21492535,False,True,True,False,True,False,B-2H
severe,53,2031-02-25,249181005.21492535,0.0,43918.754522621035,0.0,247742463.55304065,1438541.6618846825,0.0,1438541.6618846825,0.0,0.0,True,True,True,True,True,True,B-2H
severe,1,2026-10-25,56953878.0,0.0,0.0,0.0,0.0,0.0,0.0,0.0,0.0,56953878.0,False,True,True,False,True,False,B-3H
severe,2,2026-11-25,56953878.0,0.0,0.0,0.0,0.0,0.0,2017.119977389188,2017.119977389188,0.0,56951860.88002261,False,True,True,False,True,False,B-3H
severe,3,2026-12-25,56951860.88002261,0.0,0.0,0.0,0.0,0.0,4007.843110190716,4007.843110190716,0.0,56947853.03691242,True,True,True,True,True,False,B-3H
severe,4,2027-01-25,56947853.03691242,0.0,0.0,0.0,0.0,0.0,5978.8841096429405,5978.8841096429405,0.0,56941874.15280277,True,True,True,True,True,False,B-3H
severe,5,2027-02-25,56941874.15280277,0.0,0.0,0.0,0.0,0.0,7931.255910001879,7931.255910001879,0.0,56933942.89689277,True,True,True,True,True,False,B-3H
severe,6,2027-03-25,56933942.89689277,0.0,0.0,0.0,0.0,0.0,9860.360151762747,9860.360151762747,0.0,56924082.53674101,True,True,True,True,True,False,B-3H
severe,7,2027-04-25,56924082.53674101,0.0,0.0,0.0,0.0,0.0,11759.593074496008,11759.593074496008,0.0,56912322.94366652,True,True,True,True,True,False,B-3H
severe,8,2027-05-25,56912322.94366652,0.0,0.0,0.0,0.0,0.0,13645.0855912861,13645.0855912861,0.0,56898677.85807523,True,True,True,True,True,False,B-3H
severe,9,2027-06-25,56898677.85807523,0.0,0.0,0.0,0.0,24139302.14315514,15500.177587643497,24154802.320742782,0.0,32743875.53733245,True,True,True,True,True,False,B-3H
severe,10,2027-07-25,32743875.53733245,0.0,0.0,0.0,0.0,0.0,17319.401523934983,17319.401523934983,0.0,32726556.135808513,False,True,True,False,True,False,B-3H
severe,11,2027-08-25,32726556.135808513,0.0,0.0,0.0,0.0,0.0,19057.957251471347,19057.957251471347,0.0,32707498.178557042,False,True,True,False,True,False,B-3H
severe,12,2027-09-25,32707498.178557042,0.0,0.0,0.0,0.0,0.0,20806.019123797065,20806.019123797065,0.0,32686692.159433246,False,True,True,False,True,False,B-3H
severe,13,2027-10-25,32686692.159433246,0.0,0.0,0.0,0.0,0.0,22551.198638464055,22551.198638464055,0.0,32664140.96079478,False,True,True,False,True,False,B-3H
severe,14,2027-11-25,32664140.96079478,0.0,0.0,0.0,0.0,0.0,23897.521941367784,23897.521941367784,0.0,32640243.438853413,False,True,True,False,True,False,B-3H
severe,15,2027-12-25,32640243.438853413,0.0,0.0,0.0,0.0,0.0,25285.352004269098,25285.352004269098,0.0,32614958.086849146,False,True,True,False,True,False,B-3H
severe,16,2028-01-25,32614958.086849146,0.0,0.0,0.0,0.0,0.0,26718.63320965013,26718.63320965013,0.0,32588239.453639496,False,True,True,False,True,False,B-3H
severe,17,2028-02-25,32588239.453639496,0.0,0.0,0.0,0.0,0.0,28178.854177872843,28178.854177872843,0.0,32560060.599461623,False,True,True,False,True,False,B-3H
severe,18,2028-03-25,32560060.599461623,0.0,0.0,0.0,0.0,0.0,29666.724703355743,29666.724703355743,0.0,32530393.874758266,True,True,True,True,True,False,B-3H
severe,19,2028-04-25,32530393.874758266,0.0,0.0,0.0,0.0,0.0,31103.19103326366,31103.19103326366,0.0,32499290.683725003,True,True,True,True,True,False,B-3H
severe,20,2028-05-25,32499290.683725003,0.0,0.0,0.0,0.0,1862259.7797847872,32588.128175275277,1894847.9079600624,0.0,30604442.775764942,True,True,True,True,True,False,B-3H
severe,21,2028-06-25,30604442.775764942,0.0,0.0,0.0,0.0,1856885.2425924689,34116.924821312234,1891002.1674137812,0.0,28713440.60835116,False,True,True,False,True,False,B-3H
severe,22,2028-07-25,28713440.60835116,0.0,0.0,0.0,0.0,1828722.5080875792,35241.84490205218,1863964.3529896312,0.0,26849476.255361527,True,True,True,True,True,False,B-3H
severe,23,2028-08-25,26849476.255361527,0.0,0.0,0.0,0.0,1821261.540283095,36082.92036157112,1857344.460644666,0.0,24992131.79471686,True,True,True,True,True,False,B-3H
severe,24,2028-09-25,24992131.79471686,0.0,0.0,0.0,0.0,1839341.3838237163,36936.04560550305,1876277.4294292193,0.0,23115854.365287643,False,True,True,False,True,False,B-3H
severe,25,2028-10-25,23115854.365287643,0.0,0.0,0.0,0.0,1843638.2659562249,37693.004841663795,1881331.2707978887,0.0,21234523.094489753,True,True,True,True,True,False,B-3H
severe,26,2028-11-25,21234523.094489753,0.0,0.0,0.0,0.0,1845352.643913966,38256.74997822492,1883609.393892191,0.0,19350913.700597562,True,True,True,True,True,False,B-3H
severe,27,2028-12-25,19350913.700597562,0.0,0.0,0.0,0.0,1843792.870699296,38812.947460413045,1882605.818159709,0.0,17468307.88243785,True,True,True,True,True,False,B-3H
severe,28,2029-01-25,17468307.88243785,0.0,0.0,0.0,0.0,1843741.2885268976,39787.200270842775,1883528.4887977403,0.0,15584779.39364011,False,True,True,False,True,False,B-3H
severe,29,2029-02-25,15584779.39364011,0.0,0.0,0.0,0.0,1848196.199013224,40591.30798489759,1888787.5069981217,0.0,13695991.886641989,True,True,True,True,True,False,B-3H
severe,30,2029-03-25,13695991.886641989,0.0,0.0,0.0,0.0,1843082.0472721716,41339.59577562467,1884421.6430477963,0.0,11811570.243594192,True,True,True,True,True,False,B-3H
severe,31,2029-04-25,11811570.243594192,0.0,0.0,0.0,0.0,1843127.5246856015,41935.37297255488,1885062.8976581562,0.0,9926507.345936036,False,True,True,False,True,False,B-3H
severe,32,2029-05-25,9926507.345936036,0.0,0.0,0.0,0.0,1494484.0470349698,42384.38351552971,1536868.4305504996,0.0,8389638.915385537,True,True,True,True,True,False,B-3H
severe,33,2029-06-25,8389638.915385537,0.0,0.0,0.0,0.0,1535659.5857596896,42708.98722405597,1578368.5729837455,0.0,6811270.34240179,True,True,True,True,True,False,B-3H
severe,34,2029-07-25,6811270.34240179,0.0,0.0,0.0,0.0,1545671.0485683773,43091.14193974651,1588762.1905081237,0.0,5222508.151893667,True,True,True,True,True,False,B-3H
severe,35,2029-08-25,5222508.151893667,0.0,0.0,0.0,0.0,1578243.303159667,43531.19150518892,1621774.4946648558,0.0,3600733.6572288107,False,True,True,False,True,False,B-3H
severe,36,2029-09-25,3600733.6572288107,0.0,0.0,0.0,0.0,1613191.4805168535,43921.74073250983,1657113.2212493634,0.0,1943620.4359794473,True,True,True,True,True,False,B-3H
severe,37,2029-10-25,1943620.4359794473,0.0,0.0,0.0,0.0,1641794.7004878288,44265.9799320119,1686060.6804198406,0.0,257559.75555960662,True,True,True,True,True,False,B-3H
severe,38,2029-11-25,257559.75555960662,0.0,0.0,0.0,0.0,257559.75555960662,0.0,257559.75555960662,0.0,0.0,True,True,True,True,True,False,B-3H
severe,39,2029-12-25,0.0,0.0,0.0,0.0,0.0,0.0,0.0,0.0,0.0,0.0,False,True,True,False,True,False,B-3H
severe,40,2030-01-25,0.0,0.0,0.0,0.0,0.0,0.0,0.0,0.0,0.0,0.0,True,True,True,True,True,False,B-3H
severe,41,2030-02-25,0.0,0.0,0.0,0.0,0.0,0.0,0.0,0.0,0.0,0.0,True,True,True,True,True,False,B-3H
severe,42,2030-03-25,0.0,0.0,0.0,0.0,0.0,0.0,0.0,0.0,0.0,0.0,False,True,True,False,True,False,B-3H
severe,43,2030-04-25,0.0,0.0,0.0,0.0,0.0,0.0,0.0,0.0,0.0,0.0,True,True,True,True,True,False,B-3H
severe,44,2030-05-25,0.0,0.0,0.0,0.0,0.0,0.0,0.0,0.0,0.0,0.0,True,True,True,True,True,False,B-3H
severe,45,2030-06-25,0.0,0.0,0.0,0.0,0.0,0.0,0.0,0.0,0.0,0.0,True,True,True,True,True,False,B-3H
severe,46,2030-07-25,0.0,0.0,0.0,0.0,0.0,0.0,0.0,0.0,0.0,0.0,True,True,True,True,True,False,B-3H
severe,47,2030-08-25,0.0,0.0,0.0,0.0,0.0,0.0,0.0,0.0,0.0,0.0,False,True,True,False,True,False,B-3H
severe,48,2030-09-25,0.0,0.0,0.0,0.0,0.0,0.0,0.0,0.0,0.0,0.0,True,True,True,True,True,False,B-3H
severe,49,2030-10-25,0.0,0.0,0.0,0.0,0.0,0.0,0.0,0.0,0.0,0.0,False,True,True,False,True,False,B-3H
severe,50,2030-11-25,0.0,0.0,0.0,0.0,0.0,0.0,0.0,0.0,0.0,0.0,True,True,True,True,True,False,B-3H
severe,51,2030-12-25,0.0,0.0,0.0,0.0,0.0,0.0,0.0,0.0,0.0,0.0,True,True,True,True,True,False,B-3H
severe,52,2031-01-25,0.0,0.0,0.0,0.0,0.0,0.0,0.0,0.0,0.0,0.0,False,True,True,False,True,False,B-3H
severe,53,2031-02-25,0.0,0.0,0.0,0.0,0.0,0.0,0.0,0.0,0.0,0.0,True,True,True,True,True,True,B-3H
