date,short_rate,treasury2,treasury10,mortgage_spread,hpi_log_growth
2000-01-01,5.4437686757,6.4400000000,6.6610000000,1.5490000000,0.0115361873
2000-02-01,5.7302091652,6.6105000000,6.5195000000,1.8055000000,-0.0010233171
2000-03-01,5.8489299660,6.5282608696,6.2565217391,1.9834782609,0.0074317282
2000-04-01,6.0150482456,6.4036842105,5.9905263158,2.1619736842,0.0069444724
2000-05-01,6.2634460951,6.8095454545,6.4404545455,2.0745454545,0.0039569820
2000-06-01,6.5237149123,6.4818181818,6.0972727273,2.1907272727,0.0067981227
2000-07-01,6.5398977080,6.3390000000,6.0540000000,2.0935000000,0.0052635444
2000-08-01,6.4921557725,6.2286956522,5.8260869565,2.2014130435,0.0040355466
2000-09-01,6.5123815789,6.0815000000,5.7990000000,2.1130000000,0.0059878309
2000-10-01,6.5047364177,5.9123809524,5.7385714286,2.0564285714,0.0055331957
2000-11-01,6.5097149123,5.8752380952,5.7171428571,2.0278571429,0.0061277262
2000-12-01,6.3976396435,5.3520000000,5.2405000000,2.1415000000,0.0060214045
2001-01-01,5.9711880306,4.7600000000,5.1609523810,1.8715476190,0.0063282643
2001-02-01,5.4896672932,4.6568421053,5.0989473684,1.9510526316,0.0067653246
2001-03-01,5.3063493209,4.3422727273,4.8854545455,2.0665454545,0.0052304572
2001-04-01,4.7973815789,4.2340000000,5.1410000000,1.9365000000,0.0058770055
2001-05-01,4.2076396435,4.2600000000,5.3913636364,1.7536363636,0.0041672328
2001-06-01,3.9650482456,4.0800000000,5.2842857143,1.8757142857,0.0048844231
2001-07-01,3.7644138370,4.0385714286,5.2361904762,1.8913095238,0.0055246921
2001-08-01,3.6479622241,3.7573913043,4.9713043478,1.9786956522,0.0048339663
2001-09-01,3.0643815789,3.1188235294,4.7317647059,2.0857352941,0.0054022135
2001-10-01,2.4805428693,2.7259090909,4.5668181818,2.0506818182,0.0058305383
2001-11-01,2.0823815789,2.7825000000,4.6515000000,2.0065000000,0.0033909390
2001-12-01,1.8131235144,3.1070000000,5.0875000000,1.9775000000,0.0062301454
2002-01-01,1.7250589983,3.0280952381,5.0357142857,1.9617857143,0.0054840616
2002-02-01,1.7350244361,3.0152631579,4.9115789474,1.9809210526,0.0060938641
2002-03-01,1.7253815789,3.5575000000,5.2840000000,1.7300000000,0.0060569537
2002-04-01,1.7483815789,3.4227272727,5.2109090909,1.7740909091,0.0053884564
2002-05-01,1.7466719015,3.2640909091,5.1645454545,1.6414545455,0.0067420942
2002-06-01,1.7457149123,2.9930000000,4.9265000000,1.7235000000,0.0060729565
2002-07-01,1.7244138370,2.5568181818,4.6531818182,1.8318181818,0.0064705010
2002-08-01,1.7386073854,2.1336363636,4.2572727273,2.0327272727,0.0063056589
2002-09-01,1.7460482456,2.0045000000,3.8700000000,2.2225000000,0.0061436576
2002-10-01,1.7502202886,1.9118181818,3.9409090909,2.1715909091,0.0072013005
2002-11-01,1.3313815789,1.9231578947,4.0484210526,2.0195789474,0.0055788150
2002-12-01,1.2337686757,1.8361904762,4.0323809524,2.0151190476,0.0071702172
2003-01-01,1.2305428693,1.7433333333,4.0485714286,1.8674285714,0.0059262093
2003-02-01,1.2575244361,1.6278947368,3.9026315789,1.9398684211,0.0064844512
2003-03-01,1.2482848048,1.5738095238,3.8071428571,1.9378571429,0.0033151818
2003-04-01,1.2533815789,1.6223809524,3.9585714286,1.8539285714,0.0059515216
2003-05-01,1.2544138370,1.4152380952,3.5690476190,1.9149523810,0.0054489662
2003-06-01,1.2180482456,1.2271428571,3.3342857143,1.8957142857,0.0043728024
2003-07-01,1.0066719015,1.4740909091,3.9754545455,1.6570454545,0.0077654540
2003-08-01,1.0244138370,1.8642857143,4.4452380952,1.8187619048,0.0073045504
2003-09-01,1.0053815789,1.7061904762,4.2742857143,1.8732142857,0.0078772027
2003-10-01,1.0053815789,1.7477272727,4.2904545455,1.6615454545,0.0059522298
2003-11-01,0.9913815789,1.9266666667,4.3000000000,1.6325000000,0.0079937377
2003-12-01,0.9795751273,1.9072727273,4.2677272727,1.6082727273,0.0078190848
2004-01-01,0.9924783531,1.7610000000,4.1505000000,1.5620000000,0.0064326734
2004-02-01,1.0026229583,1.7400000000,4.0842105263,1.5507894737,0.0079282472
2004-03-01,0.9969944822,1.5778260870,3.8265217391,1.6184782609,0.0069404875
2004-04-01,0.9993815789,2.0709523810,4.3476190476,1.4823809524,0.0082979026
2004-05-01,0.9998977080,2.5335000000,4.7155000000,1.5545000000,0.0093539011
2004-06-01,1.0210482456,2.7633333333,4.7338095238,1.5536904762,0.0103798872
2004-07-01,1.2589299660,2.6385714286,4.4980952381,1.5579047619,0.0081219791
2004-08-01,1.4247364177,2.5081818182,4.2813636364,1.5861363636,0.0071703654
2004-09-01,1.6003815789,2.5252380952,4.1257142857,1.6282857143,0.0076887490
2004-10-01,1.7563493209,2.5845000000,4.0970000000,1.6255000000,0.0073218848
2004-11-01,1.9273815789,2.8520000000,4.1940000000,1.5360000000,0.0093066738
2004-12-01,2.1515106112,3.0118181818,4.2309090909,1.5210909091,0.0084641036
2005-01-01,2.2747364177,3.2225000000,4.2215000000,1.4885000000,0.0069406304
2005-02-01,2.4971672932,3.3847368421,4.1652631579,1.4622368421,0.0076391514
2005-03-01,2.6244138370,3.7268181818,4.4977272727,1.4302727273,0.0099478685
2005-04-01,2.7803815789,3.6538095238,4.3409523810,1.5140476190,0.0087276847
2005-05-01,2.9979622241,3.6438095238,4.1442857143,1.5757142857,0.0082164937
2005-06-01,3.0310482456,3.6404545455,3.9981818182,1.5838181818,0.0086296787
2005-07-01,3.2579622241,3.8710000000,4.1775000000,1.5175000000,0.0098875922
2005-08-01,3.4950589983,4.0443478261,4.2626086957,1.5573913043,0.0073402645
2005-09-01,3.6183815789,3.9461904762,4.1990476190,1.5749523810,0.0090651381
2005-10-01,3.7747364177,4.2710000000,4.4635000000,1.6015000000,0.0057346825
2005-11-01,3.9943815789,4.4165000000,4.5350000000,1.7950000000,0.0066260697
2005-12-01,4.1524783531,4.4042857143,4.4671428571,1.8048571429,0.0058940172
2006-01-01,4.2805428693,4.3955000000,4.4160000000,1.7290000000,0.0059051235
2006-02-01,4.4868101504,4.6684210526,4.5689473684,1.6835526316,0.0021883842
2006-03-01,4.5847364177,4.7339130435,4.7239130435,1.6000869565,0.0038181865
2006-04-01,4.7857149123,4.8889473684,4.9905263158,1.5169736842,0.0018583575
2006-05-01,4.9357041596,4.9681818182,5.1100000000,1.4875000000,0.0024423350
2006-06-01,4.9863815789,5.1218181818,5.1063636364,1.5756363636,-0.0001807093
2006-07-01,5.2305428693,5.1185000000,5.0875000000,1.6750000000,-0.0005875308
2006-08-01,5.2418331919,4.9034782609,4.8765217391,1.6474782609,0.0024833515
2006-09-01,5.2500482456,4.7690000000,4.7190000000,1.6835000000,-0.0000450968
2006-10-01,5.2405428693,4.7957142857,4.7290476190,1.6284523810,0.0010817634
2006-11-01,5.2410482456,4.7404761905,4.5952380952,1.6447619048,0.0031484756
2006-12-01,5.2334460951,4.6735000000,4.5645000000,1.5705000000,0.0000000000
2007-01-01,5.2437686757,4.8761904762,4.7595238095,1.4579761905,0.0036756507
2007-02-01,5.2543101504,4.8489473684,4.7226315789,1.5623684211,0.0004026035
2007-03-01,5.2521557725,4.5736363636,4.5645454545,1.5914545455,0.0036607184
2007-04-01,5.2450482456,4.6661904762,4.6938095238,1.4861904762,0.0002673320
2007-05-01,5.2489299660,4.7663636364,4.7463636364,1.5156363636,-0.0050915697
2007-06-01,5.2493815789,4.9804761905,5.1028571429,1.5546428571,-0.0038132883
2007-07-01,5.2537686757,4.8190476190,5.0042857143,1.6907142857,-0.0051372291
2007-08-01,5.0176396435,4.3130434783,4.6747826087,1.8972173913,-0.0044827895
2007-09-01,4.9333815789,4.0115789474,4.5215789474,1.8609210526,-0.0041839162
2007-10-01,4.7508654499,3.9677272727,4.5277272727,1.8472727273,-0.0083288052
2007-11-01,4.4820482456,3.3365000000,4.1485000000,2.0595000000,-0.0067318587
2007-12-01,4.2398977080,3.1170000000,4.0975000000,1.9975000000,-0.0051020519
2008-01-01,3.9357041596,2.4757142857,3.7442857143,2.0137142857,-0.0081240525
2008-02-01,2.9760712341,1.9730000000,3.7375000000,2.1800000000,-0.0066320414
2008-03-01,2.6057041596,1.6170000000,3.5100000000,2.4600000000,-0.0087688677
2008-04-01,2.2737149123,2.0472727273,3.6750000000,2.2425000000,-0.0110101639
2008-05-01,1.9737686757,2.4457142857,3.8800000000,2.1560000000,-0.0115222034
2008-06-01,1.9963815789,2.7738095238,4.0995238095,2.2204761905,-0.0064481685
2008-07-01,2.0050589983,2.5731818182,4.0077272727,2.4182727273,-0.0090583005
2008-08-01,1.9918331919,2.4204761905,3.8857142857,2.5917857143,-0.0100897996
2008-09-01,1.8070482456,2.0761904762,3.6861904762,2.3513095238,-0.0093854989
2008-10-01,0.9647364177,1.6122727273,3.8140909091,2.3859090909,-0.0085585310
2008-11-01,0.3830482456,1.2127777778,3.5266666667,2.5608333333,-0.0181683211
2008-12-01,0.1505428693,0.8209090909,2.4163636364,2.8696363636,-0.0023333603
2009-01-01,0.1495751273,0.8070000000,2.5175000000,2.5300000000,0.0081687974
2009-02-01,0.2175244361,0.9752631579,2.8700000000,2.2600000000,0.0009264025
2009-03-01,0.1760267402,0.9313636364,2.8195454545,2.1829545455,-0.0123189964
2009-04-01,0.1457149123,0.9271428571,2.9271428571,1.8828571429,-0.0061120734
2009-05-01,0.1728009338,0.9295000000,3.2930000000,1.5645000000,-0.0002620339
2009-06-01,0.2017149123,1.1840909091,3.7218181818,1.6981818182,-0.0002621026
2009-07-01,0.1511880306,1.0190909091,3.5622727273,1.6597272727,-0.0032031954
2009-08-01,0.1557041596,1.1152380952,3.5871428571,1.6053571429,-0.0017371625
2009-09-01,0.1420482456,0.9561904762,3.4019047619,1.6555952381,-0.0011597872
2009-10-01,0.1134460951,0.9490476190,3.3876190476,1.5643809524,0.0019497806
2009-11-01,0.1143815789,0.8031578947,3.4026315789,1.4723684211,0.0029962963
2009-12-01,0.1134460951,0.8745454545,3.5900000000,1.3400000000,-0.0088041268
2010-01-01,0.1053815789,0.9289473684,3.7331578947,1.2968421053,0.0004764552
2010-02-01,0.1218101504,0.8568421053,3.6910526316,1.2989473684,-0.0046152704
2010-03-01,0.1598977080,0.9586956522,3.7273913043,1.2401086957,-0.0014899167
2010-04-01,0.1937149123,1.0604545455,3.8468181818,1.2511818182,0.0017025809
2010-05-01,0.1960267402,0.8305000000,3.4200000000,1.4675000000,-0.0003721919
2010-06-01,0.1720482456,0.7245454545,3.2040909091,1.5334090909,-0.0105855038
2010-07-01,0.1779622241,0.6166666667,3.0114285714,1.5525714286,-0.0063081487
2010-08-01,0.1847364177,0.5204545455,2.6986363636,1.7288636364,-0.0007033681
2010-09-01,0.1900482456,0.4800000000,2.6476190476,1.6983809524,-0.0092983460
2010-10-01,0.1866719015,0.3760000000,2.5400000000,1.6850000000,0.0013102584
2010-11-01,0.1897149123,0.4540000000,2.7630000000,1.5370000000,-0.0037168668
2010-12-01,0.1786073854,0.6181818182,3.2909090909,1.4230909091,-0.0069238654
2011-01-01,0.1637686757,0.6145000000,3.3940000000,1.3610000000,-0.0064170160
2011-02-01,0.1521672932,0.7726315789,3.5763157895,1.3761842105,-0.0088071918
2011-03-01,0.1340912564,0.6973913043,3.4143478261,1.4216521739,-0.0106380988
2011-04-01,0.0933815789,0.7345000000,3.4550000000,1.3850000000,0.0024302722
2011-05-01,0.0892525467,0.5552380952,3.1685714286,1.4689285714,-0.0027132457
2011-06-01,0.0873815789,0.4104545455,3.0022727273,1.5077272727,0.0023744923
2011-07-01,0.0663493209,0.4065000000,3.0030000000,1.5420000000,0.0019180870
2011-08-01,0.0911880306,0.2304347826,2.3030434783,1.9669565217,-0.0020310303
2011-09-01,0.0793815789,0.2114285714,1.9752380952,2.1307619048,0.0052945939
2011-10-01,0.0660267402,0.2805000000,2.1520000000,1.9155000000,-0.0045606903
2011-11-01,0.0763815789,0.2535000000,2.0135000000,1.9790000000,0.0030990305
2011-12-01,0.0669944822,0.2571428571,1.9780952381,1.9799047619,0.0024162066
2012-01-01,0.0773170628,0.2405000000,1.9665000000,1.9485000000,-0.0032604447
2012-02-01,0.0991746824,0.2780000000,1.9675000000,1.9225000000,0.0032043201
2012-03-01,0.1221557725,0.3445454545,2.1727272727,1.7812727273,0.0078826404
2012-04-01,0.1347149123,0.2919047619,2.0528571429,1.8571428571,0.0050545835
2012-05-01,0.1511880306,0.2850000000,1.8031818182,1.9948181818,0.0061861562
2012-06-01,0.1570482456,0.2919047619,1.6223809524,2.0526190476,0.0036275735
2012-07-01,0.1518331919,0.2480952381,1.5266666667,2.0233333333,0.0018636269
2012-08-01,0.1276396435,0.2686956522,1.6782608696,1.9237391304,0.0073112504
2012-09-01,0.1397149123,0.2552631579,1.7231578947,1.7743421053,0.0032022606
2012-10-01,0.1537686757,0.2771428571,1.7461904762,1.6363095238,0.0050269018
2012-11-01,0.1560482456,0.2680000000,1.6540000000,1.6980000000,0.0048944565
2012-12-01,0.1598977080,0.2570000000,1.7190000000,1.6260000000,0.0048706174
2013-01-01,0.1379622241,0.2652380952,1.9147619048,1.4992380952,0.0077651704
2013-02-01,0.1403815789,0.2673684211,1.9842105263,1.5482894737,0.0060215690
2013-03-01,0.1389299660,0.2560000000,1.9575000000,1.6075000000,0.0101124752
2013-04-01,0.1403815789,0.2322727273,1.7590909091,1.6859090909,0.0044214486
2013-05-01,0.1044138370,0.2504545455,1.9281818182,1.6078181818,0.0080126563
2013-06-01,0.0890482456,0.3335000000,2.3000000000,1.7700000000,0.0063130551
2013-07-01,0.0879622241,0.3409090909,2.5822727273,1.7877272727,0.0051033538
2013-08-01,0.0782848048,0.3563636364,2.7372727273,1.7187272727,0.0029988078
2013-09-01,0.0753815789,0.4040000000,2.8095000000,1.6805000000,0.0048602769
2013-10-01,0.0824783531,0.3354545455,2.6159090909,1.5760909091,0.0030760721
2013-11-01,0.0797149123,0.3036842105,2.7184210526,1.5365789474,0.0002517180
2013-12-01,0.0805428693,0.3400000000,2.9019047619,1.5555952381,0.0060223006
2014-01-01,0.0669944822,0.3938095238,2.8580952381,1.5739047619,0.0045926598
2014-02-01,0.0618101504,0.3268421053,2.7094736842,1.5930263158,0.0036292267
2014-03-01,0.0734460951,0.3990476190,2.7233333333,1.6191666667,0.0025771933
2014-04-01,0.0857149123,0.4171428571,2.7052380952,1.6322619048,0.0032615170
2014-05-01,0.0824783531,0.3890476190,2.5590476190,1.6329523810,0.0019222718
2014-06-01,0.0910482456,0.4523809524,2.5985714286,1.5639285714,0.0050100797
2014-07-01,0.0863493209,0.5063636364,2.5422727273,1.5877272727,0.0040095893
2014-08-01,0.0834460951,0.4723809524,2.4200000000,1.6950000000,0.0039935766
2014-09-01,0.0837149123,0.5666666667,2.5342857143,1.6282142857,0.0009716285
2014-10-01,0.0844138370,0.4454545455,2.3040909091,1.7319090909,0.0051822370
2014-11-01,0.0873815789,0.5272222222,2.3255555556,1.6719444444,0.0050593984
2014-12-01,0.1179622241,0.6354545455,2.2072727273,1.6567272727,0.0059421298
2015-01-01,0.1102202886,0.5515000000,1.8815000000,1.7885000000,0.0021953906
2015-02-01,0.1060958647,0.6189473684,1.9752631579,1.7347368421,0.0068415318
2015-03-01,0.1082848048,0.6404545455,2.0427272727,1.7272727273,0.0030257209
2015-04-01,0.1200482456,0.5400000000,1.9350000000,1.7370000000,0.0040514495
2015-05-01,0.1186073854,0.6090000000,2.1975000000,1.6425000000,0.0053453496
2015-06-01,0.1243815789,0.6886363636,2.3636363636,1.6188636364,0.0041533531
2015-07-01,0.1257041596,0.6677272727,2.3245454545,1.7214545455,0.0043216685
2015-08-01,0.1334460951,0.6976190476,2.1671428571,1.7378571429,0.0024083005
2015-09-01,0.1313815789,0.7133333333,2.1728571429,1.7171428571,0.0048453061
2015-10-01,0.1189299660,0.6447619048,2.0700000000,1.7260000000,0.0055088970
2015-11-01,0.1130482456,0.8847368421,2.2631578947,1.6793421053,0.0047499518
2015-12-01,0.2360267402,0.9827272727,2.2427272727,1.7212727273,0.0043646353
2016-01-01,0.3382848048,0.8994736842,2.0852631579,1.7872368421,0.0051583825
2016-02-01,0.3705539927,0.7335000000,1.7795000000,1.8805000000,0.0001805136
2016-03-01,0.3576396435,0.8750000000,1.8890909091,1.8049090909,0.0070595405
2016-04-01,0.3607149123,0.7680952381,1.8052380952,1.7997619048,0.0050949831
2016-05-01,0.3605428693,0.8161904762,1.8061904762,1.7938095238,0.0045811453
2016-06-01,0.3730482456,0.7313636364,1.6440909091,1.9239090909,0.0052667806
2016-07-01,0.3869944822,0.6725000000,1.5040000000,1.9360000000,0.0052391869
2016-08-01,0.3921557725,0.7373913043,1.5565217391,1.8784782609,0.0047749516
2016-09-01,0.3917149123,0.7709523810,1.6304761905,1.8295238095,0.0056217872
2016-10-01,0.3918331919,0.8430000000,1.7645000000,1.7055000000,0.0051148789
2016-11-01,0.4020482456,0.9795000000,2.1420000000,1.6280000000,0.0041420433
2016-12-01,0.5353815789,1.1966666667,2.4919047619,1.7060952381,0.0060098915
2017-01-01,0.6450589983,1.2065000000,2.4325000000,1.7175000000,0.0013258914
2017-02-01,0.6521672932,1.2010526316,2.4189473684,1.7485526316,0.0052860554
2017-03-01,0.7815106112,1.3130434783,2.4817391304,1.7142608696,0.0057656595
2017-04-01,0.8913815789,1.2410526316,2.2973684211,1.7476315789,0.0073704716
2017-05-01,0.9028009338,1.3018181818,2.3036363636,1.7063636364,0.0050228225
2017-06-01,1.0353815789,1.3422727273,2.1868181818,1.7171818182,0.0037506295
2017-07-01,1.1460267402,1.3725000000,2.3180000000,1.6495000000,0.0051032161
2017-08-01,1.1524783531,1.3352173913,2.2091304348,1.6708695652,0.0065173683
2017-09-01,1.1487149123,1.3845000000,2.2020000000,1.6030000000,0.0045124579
2017-10-01,1.1492525467,1.5495238095,2.3600000000,1.5350000000,0.0040031098
2017-11-01,1.1523815789,1.6966666667,2.3533333333,1.5686666667,0.0067444289
2017-12-01,1.2969944822,1.8440000000,2.4025000000,1.5475000000,0.0045652034
2018-01-01,1.4098977080,2.0319047619,2.5838095238,1.4486904762,0.0075093215
2018-02-01,1.4128815789,2.1752631579,2.8589473684,1.4710526316,0.0066588495
2018-03-01,1.5015106112,2.2757142857,2.8423809524,1.6016190476,0.0031742280
2018-04-01,1.7420000000,2.3842857143,2.8690476190,1.5984523810,0.0028877173
2018-05-01,1.7304545455,2.5118181818,2.9777272727,1.6082727273,0.0046109365
2018-06-01,1.8366666667,2.5333333333,2.9123809524,1.6576190476,0.0041591522
2018-07-01,1.9138095238,2.6066666667,2.8890476190,1.6384523810,0.0039859373
2018-08-01,1.9173913043,2.6356521739,2.8891304348,1.6608695652,0.0049407792
2018-09-01,1.9684210526,2.7678947368,3.0042105263,1.6232894737,0.0018610427
2018-10-01,2.1840909091,2.8609090909,3.1522727273,1.6777272727,0.0032485140
2018-11-01,2.2205000000,2.8590000000,3.1170000000,1.7490000000,0.0057364110
2018-12-01,2.3505263158,2.6763157895,2.8326315789,1.8048684211,0.0031812372
2019-01-01,2.4723809524,2.5433333333,2.7138095238,1.7501904762,0.0056856277
2019-02-01,2.4042105263,2.5042105263,2.6763157895,1.6936842105,0.0024322590
2019-03-01,2.4171428571,2.4095238095,2.5709523810,1.6940476190,0.0034103860
2019-04-01,2.4761904762,2.3447619048,2.5323809524,1.6101190476,0.0048303803
2019-05-01,2.4204545455,2.2063636364,2.3950000000,1.6770000000,0.0043199857
2019-06-01,2.3930000000,1.8140000000,2.0740000000,1.7285000000,0.0037413992
2019-07-01,2.4495454545,1.8350000000,2.0590909091,1.7059090909,0.0038018608
2019-08-01,2.1281818182,1.5713636364,1.6263636364,1.9896363636,0.0040098071
2019-09-01,2.2715000000,1.6480000000,1.6995000000,1.9055000000,0.0057637047
2019-10-01,1.8640909091,1.5513636364,1.7068181818,1.9811818182,0.0052910176
2019-11-01,1.5726315789,1.6126315789,1.8121052632,1.8828947368,0.0057369569
2019-12-01,1.5461904762,1.6133333333,1.8628571429,1.8571428571,0.0084177414
2020-01-01,1.5480952381,1.5190476190,1.7576190476,1.8663809524,0.0059798449
2020-02-01,1.5857894737,1.3310526316,1.5042105263,1.9607894737,0.0071574582
2020-03-01,0.6095454545,0.4481818182,0.8700000000,2.5800000000,0.0013897552
2020-04-01,0.0195238095,0.2247619048,0.6576190476,2.6483809524,0.0014945026
2020-05-01,0.0455000000,0.1705000000,0.6740000000,2.5585000000,-0.0037404529
2020-06-01,0.0790909091,0.1850000000,0.7286363636,2.4338636364,0.0108266503
2020-07-01,0.1054545455,0.1481818182,0.6236363636,2.3923636364,0.0142323712
2020-08-01,0.0857142857,0.1395238095,0.6500000000,2.2850000000,0.0173221266
2020-09-01,0.0857142857,0.1347619048,0.6795238095,2.2104761905,0.0160513822
2020-10-01,0.0871428571,0.1495238095,0.7871428571,2.0468571429,0.0151348461
2020-11-01,0.0863157895,0.1657894737,0.8700000000,1.8950000000,0.0119647433
2020-12-01,0.0822727273,0.1359090909,0.9336363636,1.7503636364,0.0131499470
2021-01-01,0.0710526316,0.1310526316,1.0810526316,1.6539473684,0.0118614676
2021-02-01,0.0415789474,0.1152631579,1.2578947368,1.5521052632,0.0085591626
2021-03-01,0.0152173913,0.1469565217,1.6108695652,1.4716304348,0.0144688461
2021-04-01,0.0100000000,0.1631818182,1.6350000000,1.4250000000,0.0147856947
2021-05-01,0.0100000000,0.1550000000,1.6210000000,1.3415000000,0.0164788593
2021-06-01,0.0281818182,0.2027272727,1.5190909091,1.4559090909,0.0179374317
2021-07-01,0.0500000000,0.2195238095,1.3185714286,1.5494285714,0.0149890685
2021-08-01,0.0500000000,0.2172727273,1.2831818182,1.5593181818,0.0117621014
2021-09-01,0.0500000000,0.2409523810,1.3747619048,1.5252380952,0.0103084791
2021-10-01,0.0465000000,0.3925000000,1.5825000000,1.4850000000,0.0123560291
2021-11-01,0.0500000000,0.5080000000,1.5595000000,1.5080000000,0.0137413821
2021-12-01,0.0495454545,0.6800000000,1.4650000000,1.6330000000,0.0138854551
2022-01-01,0.0480000000,0.9805000000,1.7640000000,1.6810000000,0.0147535598
2022-02-01,0.0494736842,1.4352631579,1.9342105263,1.8282894737,0.0137100985
2022-03-01,0.1613043478,1.9095652174,2.1278260870,2.0441739130,0.0120984764
2022-04-01,0.2860000000,2.5380000000,2.7475000000,2.2350000000,0.0123977213
2022-05-01,0.7161904762,2.6166666667,2.8980952381,2.3319047619,0.0091725883
2022-06-01,1.0966666667,2.9980952381,3.1433333333,2.3786666667,0.0021703752
2022-07-01,1.6070000000,3.0360000000,2.8960000000,2.5165000000,-0.0044750906
2022-08-01,2.2834782609,3.2500000000,2.8978260870,2.3246739130,-0.0040786163
2022-09-01,2.5114285714,3.8566666667,3.5190476190,2.5929523810,0.0021323079
2022-10-01,3.0365000000,4.3750000000,3.9835000000,2.9165000000,0.0012201297
2022-11-01,3.7220000000,4.5035000000,3.8910000000,2.9140000000,-0.0001556784
2022-12-01,4.0657142857,4.2885714286,3.6161904762,2.7478095238,0.0003372725
2023-01-01,4.3045000000,4.2075000000,3.5315000000,2.7410000000,0.0032889229
2023-02-01,4.5378947368,4.5336842105,3.7468421053,2.5106578947,0.0058004055
2023-03-01,4.6356521739,4.3026086957,3.6630434783,2.8809565217,0.0050255227
2023-04-01,4.8063157895,4.0160000000,3.4600000000,2.8825000000,0.0065769586
2023-05-01,5.0227272727,4.1318181818,3.5736363636,2.8513636364,0.0072405380
2023-06-01,5.0561904762,4.6395238095,3.7480952381,2.9659047619,0.0062614148
2023-07-01,5.0945000000,4.8285000000,3.8995000000,2.9405000000,0.0087602732
2023-08-01,5.3008695652,4.9017391304,4.1678260870,2.9041739130,0.0060695582
2023-09-01,5.3060000000,5.0220000000,4.3790000000,2.8210000000,0.0054435643
2023-10-01,5.3114285714,5.0676190476,4.7980952381,2.8219047619,0.0035555375
2023-11-01,5.3190476190,4.8823809524,4.5028571429,2.9391428571,0.0025180001
2023-12-01,5.3355000000,4.4570000000,4.0200000000,2.7950000000,0.0026334413
2024-01-01,5.3209523810,4.3228571429,4.0580952381,2.5844047619,0.0016302302
2024-02-01,5.3090000000,4.5440000000,4.2075000000,2.5685000000,0.0100629780
2024-03-01,5.3130000000,4.5880000000,4.2085000000,2.6115000000,0.0018035137
2024-04-01,5.3168181818,4.8731818182,4.5390909091,2.4534090909,0.0053911070
2024-05-01,5.3145454545,4.8563636364,4.4822727273,2.5777272727,0.0010747425
2024-06-01,5.3252631579,4.7368421053,4.3052631579,2.6122368421,0.0024794386
2024-07-01,5.3431818182,4.4959090909,4.2486363636,2.5988636364,0.0032568285
2024-08-01,5.3327272727,3.9654545455,3.8709090909,2.6290909091,0.0033408791
2024-09-01,5.1455000000,3.6225000000,3.7235000000,2.4565000000,0.0063429397
2024-10-01,4.8490909091,3.9722727273,4.0954545455,2.3325454545,0.0041049516
2024-11-01,4.6436842105,4.2573684211,4.3557894737,2.4492105263,0.0035751461
2024-12-01,4.5319047619,4.2257142857,4.3914285714,2.3235714286,0.0043058871
2025-01-01,4.3157142857,4.2719047619,4.6290476190,2.3289523810,0.0043568005
2025-02-01,4.3436842105,4.2100000000,4.4510526316,2.3914473684,-0.0002775272
2025-03-01,4.3266666667,3.9700000000,4.2804761905,2.3695238095,0.0012251646
2025-04-01,4.3485714286,3.7776190476,4.2790476190,2.4459523810,-0.0020813587
2025-05-01,4.3052380952,3.9200000000,4.4238095238,2.3921904762,0.0001157448
2025-06-01,4.3165000000,3.8890000000,4.3835000000,2.4340000000,0.0004165702
2025-07-01,4.3368181818,3.8822727273,4.3918181818,2.3281818182,0.0004857794
2025-08-01,4.3442857143,3.7038095238,4.2647619048,2.3227380952,0.0037625704
2025-09-01,4.2995238095,3.5685714286,4.1204761905,2.2320238095,-0.0004378536
2025-10-01,4.2009090909,3.5213636364,4.0618181818,2.1921818182,0.0039567569
2025-11-01,3.9777777778,3.5500000000,4.0938888889,2.1436111111,0.0063851186
2025-12-01,3.8000000000,3.5009090909,4.1431818182,2.0468181818,0.0028020476
2026-01-01,3.6565000000,3.5370000000,4.2135000000,1.8890000000,0.0030210474
2026-02-01,3.6673684211,3.4715789474,4.1257894737,1.9217105263,-0.0007033386
2026-03-01,3.6504545455,3.7145454545,4.2459090909,1.9315909091,0.0020632355
2026-04-01,3.6419047619,3.7990909091,4.3190909091,2.0129090909,-0.0014052586
2026-05-01,3.5855000000,3.9950000000,4.4840000000,1.9585000000,0.0031703643
2026-06-01,3.6280952381,4.1128571429,4.4704761905,2.0195238095,0.0001130416
2026-07-01,3.6190909091,4.2227272727,4.5995454545,1.9424545455,0.0026640794
