scenario,month,date,reset_date,accrual_start,coupon_accrual_days,discount_days,sofr_coupon_decimal,fixing_source,base_discount_factor,discount_basis
good,1,2026-10-25,2026-09-23,2026-09-25,30,22,0.0369029000,observed,0.9976393881,physical_scenario_overnight_no_credit_spread
good,2,2026-11-25,2026-10-22,2026-10-25,31,31,0.0388027992,projected,0.9943273699,physical_scenario_overnight_no_credit_spread
good,3,2026-12-25,2026-11-23,2026-11-25,30,30,0.0386817042,projected,0.9911376931,physical_scenario_overnight_no_credit_spread
good,4,2027-01-25,2026-12-23,2026-12-25,31,31,0.0386214097,projected,0.9878561981,physical_scenario_overnight_no_credit_spread
good,5,2027-02-25,2027-01-21,2027-01-25,31,31,0.0385752954,projected,0.9845900890,physical_scenario_overnight_no_credit_spread
good,6,2027-03-25,2027-02-23,2027-02-25,28,28,0.0385237354,projected,0.9816562863,physical_scenario_overnight_no_credit_spread
good,7,2027-04-25,2027-03-23,2027-03-25,31,31,0.0384399474,projected,0.9784290501,physical_scenario_overnight_no_credit_spread
good,8,2027-05-25,2027-04-22,2027-04-25,30,30,0.0383144700,projected,0.9753299600,physical_scenario_overnight_no_credit_spread
good,9,2027-06-25,2027-05-21,2027-05-25,31,31,0.0381556833,projected,0.9721553833,physical_scenario_overnight_no_credit_spread
good,10,2027-07-25,2027-06-23,2027-06-25,30,30,0.0379330136,projected,0.9691091299,physical_scenario_overnight_no_credit_spread
good,11,2027-08-25,2027-07-22,2027-07-25,31,31,0.0377383882,projected,0.9659827007,physical_scenario_overnight_no_credit_spread
good,12,2027-09-25,2027-08-23,2027-08-25,31,31,0.0375886891,projected,0.9628737709,physical_scenario_overnight_no_credit_spread
good,13,2027-10-25,2027-09-23,2027-09-25,30,30,0.0374968653,projected,0.9598808803,physical_scenario_overnight_no_credit_spread
good,14,2027-11-25,2027-10-21,2027-10-25,31,31,0.0374256616,projected,0.9568040748,physical_scenario_overnight_no_credit_spread
good,15,2027-12-25,2027-11-23,2027-11-25,30,30,0.0373445725,projected,0.9538417473,physical_scenario_overnight_no_credit_spread
good,16,2028-01-25,2027-12-22,2027-12-25,31,31,0.0372754904,projected,0.9507969677,physical_scenario_overnight_no_credit_spread
good,17,2028-02-25,2028-01-21,2028-01-25,31,31,0.0371952210,projected,0.9477701056,physical_scenario_overnight_no_credit_spread
good,18,2028-03-25,2028-02-23,2028-02-25,29,29,0.0370915707,projected,0.9449555341,physical_scenario_overnight_no_credit_spread
good,19,2028-04-25,2028-03-23,2028-03-25,31,31,0.0369851157,projected,0.9419619636,physical_scenario_overnight_no_credit_spread
good,20,2028-05-25,2028-04-21,2028-04-25,30,30,0.0369084527,projected,0.9390783590,physical_scenario_overnight_no_credit_spread
good,21,2028-06-25,2028-05-23,2028-05-25,31,31,0.0368520924,projected,0.9361155407,physical_scenario_overnight_no_credit_spread
good,22,2028-07-25,2028-06-22,2028-06-25,30,30,0.0367630030,projected,0.9332662738,physical_scenario_overnight_no_credit_spread
good,23,2028-08-25,2028-07-21,2028-07-25,31,31,0.0366509409,projected,0.9303393616,physical_scenario_overnight_no_credit_spread
good,24,2028-09-25,2028-08-23,2028-08-25,31,31,0.0365374705,projected,0.9274296998,physical_scenario_overnight_no_credit_spread
good,25,2028-10-25,2028-09-21,2028-09-25,30,30,0.0364438831,projected,0.9246299799,physical_scenario_overnight_no_credit_spread
good,26,2028-11-25,2028-10-23,2028-10-25,31,31,0.0363406540,projected,0.9217535420,physical_scenario_overnight_no_credit_spread
good,27,2028-12-25,2028-11-22,2028-11-25,30,30,0.0362465663,projected,0.9189868079,physical_scenario_overnight_no_credit_spread
good,28,2029-01-25,2028-12-21,2028-12-25,31,31,0.0361419235,projected,0.9161425400,physical_scenario_overnight_no_credit_spread
good,29,2029-02-25,2029-01-23,2029-01-25,31,31,0.0360530116,projected,0.9133111898,physical_scenario_overnight_no_credit_spread
good,30,2029-03-25,2029-02-22,2029-02-25,28,28,0.0360035543,projected,0.9107654755,physical_scenario_overnight_no_credit_spread
good,31,2029-04-25,2029-03-22,2029-03-25,31,31,0.0359480342,projected,0.9079597193,physical_scenario_overnight_no_credit_spread
good,32,2029-05-25,2029-04-23,2029-04-25,30,30,0.0358863529,projected,0.9052564388,physical_scenario_overnight_no_credit_spread
good,33,2029-06-25,2029-05-23,2029-05-25,31,31,0.0358361081,projected,0.9024766194,physical_scenario_overnight_no_credit_spread
good,34,2029-07-25,2029-06-21,2029-06-25,30,30,0.0357786805,projected,0.8998026649,physical_scenario_overnight_no_credit_spread
good,35,2029-08-25,2029-07-23,2029-07-25,31,31,0.0356688873,projected,0.8970542402,physical_scenario_overnight_no_credit_spread
good,36,2029-09-25,2029-08-23,2029-08-25,31,31,0.0355794675,projected,0.8943186254,physical_scenario_overnight_no_credit_spread
good,37,2029-10-25,2029-09-21,2029-09-25,30,30,0.0355283330,projected,0.8916835109,physical_scenario_overnight_no_credit_spread
good,38,2029-11-25,2029-10-23,2029-10-25,31,31,0.0354644666,projected,0.8889733882,physical_scenario_overnight_no_credit_spread
good,39,2029-12-25,2029-11-21,2029-11-25,30,30,0.0354100454,projected,0.8863648880,physical_scenario_overnight_no_credit_spread
good,40,2030-01-25,2029-12-21,2029-12-25,31,31,0.0353266640,projected,0.8836836013,physical_scenario_overnight_no_credit_spread
good,41,2030-02-25,2030-01-23,2030-01-25,31,31,0.0352371438,projected,0.8810151815,physical_scenario_overnight_no_credit_spread
good,42,2030-03-25,2030-02-21,2030-02-25,28,28,0.0351768710,projected,0.8786151426,physical_scenario_overnight_no_credit_spread
good,43,2030-04-25,2030-03-21,2030-03-25,31,31,0.0351307581,projected,0.8759721707,physical_scenario_overnight_no_credit_spread
good,44,2030-05-25,2030-04-23,2030-04-25,30,30,0.0350438226,projected,0.8734303687,physical_scenario_overnight_no_credit_spread
good,45,2030-06-25,2030-05-23,2030-05-25,31,31,0.0349276292,projected,0.8708181005,physical_scenario_overnight_no_credit_spread
good,46,2030-07-25,2030-06-21,2030-06-25,30,30,0.0348437595,projected,0.8683031840,physical_scenario_overnight_no_credit_spread
good,47,2030-08-25,2030-07-23,2030-07-25,31,31,0.0347609052,projected,0.8657161409,physical_scenario_overnight_no_credit_spread
good,48,2030-09-25,2030-08-22,2030-08-25,31,31,0.0347036518,projected,0.8631404748,physical_scenario_overnight_no_credit_spread
good,49,2030-10-25,2030-09-23,2030-09-25,30,30,0.0346543960,projected,0.8606598768,physical_scenario_overnight_no_credit_spread
good,50,2030-11-25,2030-10-23,2030-10-25,31,31,0.0345904013,projected,0.8581088139,physical_scenario_overnight_no_credit_spread
good,51,2030-12-25,2030-11-21,2030-11-25,30,30,0.0345284592,projected,0.8556521389,physical_scenario_overnight_no_credit_spread
good,52,2031-01-25,2030-12-23,2030-12-25,31,31,0.0344582634,projected,0.8531273179,physical_scenario_overnight_no_credit_spread
good,53,2031-02-25,2031-01-23,2031-01-25,31,31,0.0343711515,projected,0.8506152917,physical_scenario_overnight_no_credit_spread
base,1,2026-10-25,2026-09-23,2026-09-25,30,22,0.0369029000,observed,0.9976396438,physical_scenario_overnight_no_credit_spread
base,2,2026-11-25,2026-10-22,2026-10-25,31,31,0.0388006487,projected,0.9943304252,physical_scenario_overnight_no_credit_spread
base,3,2026-12-25,2026-11-23,2026-11-25,30,30,0.0386519885,projected,0.9911480802,physical_scenario_overnight_no_credit_spread
base,4,2027-01-25,2026-12-23,2026-12-25,31,31,0.0385373563,projected,0.9878803418,physical_scenario_overnight_no_credit_spread
base,5,2027-02-25,2027-01-21,2027-01-25,31,31,0.0384238644,projected,0.9846326482,physical_scenario_overnight_no_credit_spread
base,6,2027-03-25,2027-02-23,2027-02-25,28,28,0.0383068857,projected,0.9817162445,physical_scenario_overnight_no_credit_spread
base,7,2027-04-25,2027-03-23,2027-03-25,31,31,0.0382095160,projected,0.9785055247,physical_scenario_overnight_no_credit_spread
base,8,2027-05-25,2027-04-22,2027-04-25,30,30,0.0381099253,projected,0.9754151654,physical_scenario_overnight_no_credit_spread
base,9,2027-06-25,2027-05-21,2027-05-25,31,31,0.0380283738,projected,0.9722401133,physical_scenario_overnight_no_credit_spread
base,10,2027-07-25,2027-06-23,2027-06-25,30,30,0.0379281498,projected,0.9691878057,physical_scenario_overnight_no_credit_spread
base,11,2027-08-25,2027-07-22,2027-07-25,31,31,0.0378062872,projected,0.9660559571,physical_scenario_overnight_no_credit_spread
base,12,2027-09-25,2027-08-23,2027-08-25,31,31,0.0376539666,projected,0.9629476858,physical_scenario_overnight_no_credit_spread
base,13,2027-10-25,2027-09-23,2027-09-25,30,30,0.0374921738,projected,0.9599576531,physical_scenario_overnight_no_credit_spread
base,14,2027-11-25,2027-10-21,2027-10-25,31,31,0.0373821055,projected,0.9568821054,physical_scenario_overnight_no_credit_spread
base,15,2027-12-25,2027-11-23,2027-11-25,30,30,0.0373264437,projected,0.9539197509,physical_scenario_overnight_no_credit_spread
base,16,2028-01-25,2027-12-22,2027-12-25,31,31,0.0372687753,projected,0.9508713801,physical_scenario_overnight_no_credit_spread
base,17,2028-02-25,2028-01-21,2028-01-25,31,31,0.0372295515,projected,0.9478360802,physical_scenario_overnight_no_credit_spread
base,18,2028-03-25,2028-02-23,2028-02-25,29,29,0.0371878124,projected,0.9450100725,physical_scenario_overnight_no_credit_spread
base,19,2028-04-25,2028-03-23,2028-03-25,31,31,0.0371306619,projected,0.9420026510,physical_scenario_overnight_no_credit_spread
base,20,2028-05-25,2028-04-21,2028-04-25,30,30,0.0370750308,projected,0.9391062014,physical_scenario_overnight_no_credit_spread
base,21,2028-06-25,2028-05-23,2028-05-25,31,31,0.0370175750,projected,0.9361312358,physical_scenario_overnight_no_credit_spread
base,22,2028-07-25,2028-06-22,2028-06-25,30,30,0.0369123028,projected,0.9332697800,physical_scenario_overnight_no_credit_spread
base,23,2028-08-25,2028-07-21,2028-07-25,31,31,0.0368068444,projected,0.9303293601,physical_scenario_overnight_no_credit_spread
base,24,2028-09-25,2028-08-23,2028-08-25,31,31,0.0367051590,projected,0.9274027440,physical_scenario_overnight_no_credit_spread
base,25,2028-10-25,2028-09-21,2028-09-25,30,30,0.0366486048,projected,0.9245812429,physical_scenario_overnight_no_credit_spread
base,26,2028-11-25,2028-10-23,2028-10-25,31,31,0.0366188883,projected,0.9216752451,physical_scenario_overnight_no_credit_spread
base,27,2028-12-25,2028-11-22,2028-11-25,30,30,0.0366115693,projected,0.9188718765,physical_scenario_overnight_no_credit_spread
base,28,2029-01-25,2028-12-21,2028-12-25,31,31,0.0366091905,projected,0.9159855667,physical_scenario_overnight_no_credit_spread
base,29,2029-02-25,2029-01-23,2029-01-25,31,31,0.0365911641,projected,0.9131102188,physical_scenario_overnight_no_credit_spread
base,30,2029-03-25,2029-02-22,2029-02-25,28,28,0.0365657526,projected,0.9105230175,physical_scenario_overnight_no_credit_spread
base,31,2029-04-25,2029-03-22,2029-03-25,31,31,0.0365425418,projected,0.9076754353,physical_scenario_overnight_no_credit_spread
base,32,2029-05-25,2029-04-23,2029-04-25,30,30,0.0364390031,projected,0.9049405499,physical_scenario_overnight_no_credit_spread
base,33,2029-06-25,2029-05-23,2029-05-25,31,31,0.0362779473,projected,0.9021352347,physical_scenario_overnight_no_credit_spread
base,34,2029-07-25,2029-06-21,2029-06-25,30,30,0.0361270611,projected,0.8994384530,physical_scenario_overnight_no_credit_spread
base,35,2029-08-25,2029-07-23,2029-07-25,31,31,0.0359878806,projected,0.8966683385,physical_scenario_overnight_no_credit_spread
base,36,2029-09-25,2029-08-23,2029-08-25,31,31,0.0358786958,projected,0.8939171806,physical_scenario_overnight_no_credit_spread
base,37,2029-10-25,2029-09-21,2029-09-25,30,30,0.0357595590,projected,0.8912742028,physical_scenario_overnight_no_credit_spread
base,38,2029-11-25,2029-10-23,2029-10-25,31,31,0.0355938351,projected,0.8885610555,physical_scenario_overnight_no_credit_spread
base,39,2029-12-25,2029-11-21,2029-11-25,30,30,0.0354724435,projected,0.8859536354,physical_scenario_overnight_no_credit_spread
base,40,2030-01-25,2029-12-21,2029-12-25,31,31,0.0353371820,projected,0.8832779279,physical_scenario_overnight_no_credit_spread
base,41,2030-02-25,2030-01-23,2030-01-25,31,31,0.0351837926,projected,0.8806185467,physical_scenario_overnight_no_credit_spread
base,42,2030-03-25,2030-02-21,2030-02-25,28,28,0.0350781603,projected,0.8782297149,physical_scenario_overnight_no_credit_spread
base,43,2030-04-25,2030-03-21,2030-03-25,31,31,0.0349923280,projected,0.8755974954,physical_scenario_overnight_no_credit_spread
base,44,2030-05-25,2030-04-23,2030-04-25,30,30,0.0349098083,projected,0.8730614401,physical_scenario_overnight_no_credit_spread
base,45,2030-06-25,2030-05-23,2030-05-25,31,31,0.0348615694,projected,0.8704529731,physical_scenario_overnight_no_credit_spread
base,46,2030-07-25,2030-06-21,2030-06-25,30,30,0.0348029808,projected,0.8679393029,physical_scenario_overnight_no_credit_spread
base,47,2030-08-25,2030-07-23,2030-07-25,31,31,0.0347557613,projected,0.8653536170,physical_scenario_overnight_no_credit_spread
base,48,2030-09-25,2030-08-22,2030-08-25,31,31,0.0347029025,projected,0.8627815403,physical_scenario_overnight_no_credit_spread
base,49,2030-10-25,2030-09-23,2030-09-25,30,30,0.0346223486,projected,0.8603050089,physical_scenario_overnight_no_credit_spread
base,50,2030-11-25,2030-10-23,2030-10-25,31,31,0.0345471653,projected,0.8577599797,physical_scenario_overnight_no_credit_spread
base,51,2030-12-25,2030-11-21,2030-11-25,30,30,0.0344685526,projected,0.8553130612,physical_scenario_overnight_no_credit_spread
base,52,2031-01-25,2030-12-23,2030-12-25,31,31,0.0343391187,projected,0.8527988188,physical_scenario_overnight_no_credit_spread
base,53,2031-02-25,2031-01-23,2031-01-25,31,31,0.0342382381,projected,0.8502974847,physical_scenario_overnight_no_credit_spread
moderate,1,2026-10-25,2026-09-23,2026-09-25,30,22,0.0369029000,observed,0.9976006620,physical_scenario_overnight_no_credit_spread
moderate,2,2026-11-25,2026-10-22,2026-10-25,31,31,0.0391284840,projected,0.9940868095,physical_scenario_overnight_no_credit_spread
moderate,3,2026-12-25,2026-11-23,2026-11-25,30,30,0.0409096154,projected,0.9905711473,physical_scenario_overnight_no_credit_spread
moderate,4,2027-01-25,2026-12-23,2026-12-25,31,31,0.0425042415,projected,0.9868257330,physical_scenario_overnight_no_credit_spread
moderate,5,2027-02-25,2027-01-21,2027-01-25,31,31,0.0438058237,projected,0.9829452575,physical_scenario_overnight_no_credit_spread
moderate,6,2027-03-25,2027-02-23,2027-02-25,28,28,0.0457376217,projected,0.9793758549,physical_scenario_overnight_no_credit_spread
moderate,7,2027-04-25,2027-03-23,2027-03-25,31,31,0.0467872566,projected,0.9753178784,physical_scenario_overnight_no_credit_spread
moderate,8,2027-05-25,2027-04-22,2027-04-25,30,30,0.0480799376,projected,0.9713004040,physical_scenario_overnight_no_credit_spread
moderate,9,2027-06-25,2027-05-21,2027-05-25,31,31,0.0495821887,projected,0.9671582306,physical_scenario_overnight_no_credit_spread
moderate,10,2027-07-25,2027-06-23,2027-06-25,30,30,0.0497229045,projected,0.9631667797,physical_scenario_overnight_no_credit_spread
moderate,11,2027-08-25,2027-07-22,2027-07-25,31,31,0.0497356226,projected,0.9590634386,physical_scenario_overnight_no_credit_spread
moderate,12,2027-09-25,2027-08-23,2027-08-25,31,31,0.0496793883,projected,0.9549803888,physical_scenario_overnight_no_credit_spread
moderate,13,2027-10-25,2027-09-23,2027-09-25,30,30,0.0496493403,projected,0.9510447575,physical_scenario_overnight_no_credit_spread
moderate,14,2027-11-25,2027-10-21,2027-10-25,31,31,0.0496420241,projected,0.9469864697,physical_scenario_overnight_no_credit_spread
moderate,15,2027-12-25,2027-11-23,2027-11-25,30,30,0.0497535714,projected,0.9430721267,physical_scenario_overnight_no_credit_spread
moderate,16,2028-01-25,2027-12-22,2027-12-25,31,31,0.0498060797,projected,0.9390479830,physical_scenario_overnight_no_credit_spread
moderate,17,2028-02-25,2028-01-21,2028-01-25,31,31,0.0497661225,projected,0.9350424519,physical_scenario_overnight_no_credit_spread
moderate,18,2028-03-25,2028-02-23,2028-02-25,29,29,0.0497380453,projected,0.9313091449,physical_scenario_overnight_no_credit_spread
moderate,19,2028-04-25,2028-03-23,2028-03-25,31,31,0.0497627561,projected,0.9273329688,physical_scenario_overnight_no_credit_spread
moderate,20,2028-05-25,2028-04-21,2028-04-25,30,30,0.0497810514,projected,0.9235873024,physical_scenario_overnight_no_credit_spread
moderate,21,2028-06-25,2028-05-23,2028-05-25,31,31,0.0488456219,projected,0.9198615784,physical_scenario_overnight_no_credit_spread
moderate,22,2028-07-25,2028-06-22,2028-06-25,30,30,0.0471188312,projected,0.9163709063,physical_scenario_overnight_no_credit_spread
moderate,23,2028-08-25,2028-07-21,2028-07-25,31,31,0.0459643417,projected,0.9129541468,physical_scenario_overnight_no_credit_spread
moderate,24,2028-09-25,2028-08-23,2028-08-25,31,31,0.0436213938,projected,0.9097505635,physical_scenario_overnight_no_credit_spread
moderate,25,2028-10-25,2028-09-21,2028-09-25,30,30,0.0412040429,projected,0.9068665419,physical_scenario_overnight_no_credit_spread
moderate,26,2028-11-25,2028-10-23,2028-10-25,31,31,0.0384200596,projected,0.9043798256,physical_scenario_overnight_no_credit_spread
moderate,27,2028-12-25,2028-11-22,2028-11-25,30,30,0.0328386015,projected,0.9024867615,physical_scenario_overnight_no_credit_spread
moderate,28,2029-01-25,2028-12-21,2028-12-25,31,31,0.0257997434,projected,0.9008077409,physical_scenario_overnight_no_credit_spread
moderate,29,2029-02-25,2029-01-23,2029-01-25,31,31,0.0218903070,projected,0.8993769027,physical_scenario_overnight_no_credit_spread
moderate,30,2029-03-25,2029-02-22,2029-02-25,28,28,0.0187660048,projected,0.8981870086,physical_scenario_overnight_no_credit_spread
moderate,31,2029-04-25,2029-03-22,2029-03-25,31,31,0.0170606851,projected,0.8968591760,physical_scenario_overnight_no_credit_spread
moderate,32,2029-05-25,2029-04-23,2029-04-25,30,30,0.0171858862,projected,0.8955774740,physical_scenario_overnight_no_credit_spread
moderate,33,2029-06-25,2029-05-23,2029-05-25,31,31,0.0171832955,projected,0.8943290866,physical_scenario_overnight_no_credit_spread
moderate,34,2029-07-25,2029-06-21,2029-06-25,30,30,0.0164392765,projected,0.8934966792,physical_scenario_overnight_no_credit_spread
moderate,35,2029-08-25,2029-07-23,2029-07-25,31,31,0.0118470380,projected,0.8931883620,physical_scenario_overnight_no_credit_spread
moderate,36,2029-09-25,2029-08-23,2029-08-25,31,31,0.0043683234,projected,0.8931484394,physical_scenario_overnight_no_credit_spread
moderate,37,2029-10-25,2029-09-21,2029-09-25,30,30,0.0006902427,projected,0.8931484394,physical_scenario_overnight_no_credit_spread
moderate,38,2029-11-25,2029-10-23,2029-10-25,31,31,0.0000054070,projected,0.8931484394,physical_scenario_overnight_no_credit_spread
moderate,39,2029-12-25,2029-11-21,2029-11-25,30,30,0.0000000000,projected,0.8931484394,physical_scenario_overnight_no_credit_spread
moderate,40,2030-01-25,2029-12-21,2029-12-25,31,31,0.0000000000,projected,0.8931484394,physical_scenario_overnight_no_credit_spread
moderate,41,2030-02-25,2030-01-23,2030-01-25,31,31,0.0000000000,projected,0.8931484394,physical_scenario_overnight_no_credit_spread
moderate,42,2030-03-25,2030-02-21,2030-02-25,28,28,0.0000000000,projected,0.8931484394,physical_scenario_overnight_no_credit_spread
moderate,43,2030-04-25,2030-03-21,2030-03-25,31,31,0.0000000000,projected,0.8931484394,physical_scenario_overnight_no_credit_spread
moderate,44,2030-05-25,2030-04-23,2030-04-25,30,30,0.0000000000,projected,0.8931484394,physical_scenario_overnight_no_credit_spread
moderate,45,2030-06-25,2030-05-23,2030-05-25,31,31,0.0000000000,projected,0.8931484394,physical_scenario_overnight_no_credit_spread
moderate,46,2030-07-25,2030-06-21,2030-06-25,30,30,0.0000000000,projected,0.8931484394,physical_scenario_overnight_no_credit_spread
moderate,47,2030-08-25,2030-07-23,2030-07-25,31,31,0.0000000000,projected,0.8931484394,physical_scenario_overnight_no_credit_spread
moderate,48,2030-09-25,2030-08-22,2030-08-25,31,31,0.0000000000,projected,0.8931484394,physical_scenario_overnight_no_credit_spread
moderate,49,2030-10-25,2030-09-23,2030-09-25,30,30,0.0000000000,projected,0.8931484394,physical_scenario_overnight_no_credit_spread
moderate,50,2030-11-25,2030-10-23,2030-10-25,31,31,0.0000000000,projected,0.8931484394,physical_scenario_overnight_no_credit_spread
moderate,51,2030-12-25,2030-11-21,2030-11-25,30,30,0.0000000000,projected,0.8931484394,physical_scenario_overnight_no_credit_spread
moderate,52,2031-01-25,2030-12-23,2030-12-25,31,31,0.0000000000,projected,0.8931484394,physical_scenario_overnight_no_credit_spread
moderate,53,2031-02-25,2031-01-23,2031-01-25,31,31,0.0000000000,projected,0.8931484394,physical_scenario_overnight_no_credit_spread
severe,1,2026-10-25,2026-09-23,2026-09-25,30,22,0.0369029000,observed,0.9976399891,physical_scenario_overnight_no_credit_spread
severe,2,2026-11-25,2026-10-22,2026-10-25,31,31,0.0387977447,projected,0.9943255424,physical_scenario_overnight_no_credit_spread
severe,3,2026-12-25,2026-11-23,2026-11-25,30,30,0.0387040320,projected,0.9911266634,physical_scenario_overnight_no_credit_spread
severe,4,2027-01-25,2026-12-23,2026-12-25,31,31,0.0387279319,projected,0.9878299621,physical_scenario_overnight_no_credit_spread
severe,5,2027-02-25,2027-01-21,2027-01-25,31,31,0.0387453496,projected,0.9846391678,physical_scenario_overnight_no_credit_spread
severe,6,2027-03-25,2027-02-23,2027-02-25,28,28,0.0377786373,projected,0.9818900971,physical_scenario_overnight_no_credit_spread
severe,7,2027-04-25,2027-03-23,2027-03-25,31,31,0.0361223567,projected,0.9789666500,physical_scenario_overnight_no_credit_spread
severe,8,2027-05-25,2027-04-22,2027-04-25,30,30,0.0348499909,projected,0.9763281152,physical_scenario_overnight_no_credit_spread
severe,9,2027-06-25,2027-05-21,2027-05-25,31,31,0.0328108417,projected,0.9738237809,physical_scenario_overnight_no_credit_spread
severe,10,2027-07-25,2027-06-23,2027-06-25,30,30,0.0300264054,projected,0.9716265474,physical_scenario_overnight_no_credit_spread
severe,11,2027-08-25,2027-07-22,2027-07-25,31,31,0.0274867127,projected,0.9698801735,physical_scenario_overnight_no_credit_spread
severe,12,2027-09-25,2027-08-23,2027-08-25,31,31,0.0215015058,projected,0.9686993901,physical_scenario_overnight_no_credit_spread
severe,13,2027-10-25,2027-09-23,2027-09-25,30,30,0.0144003887,projected,0.9678416065,physical_scenario_overnight_no_credit_spread
severe,14,2027-11-25,2027-10-21,2027-10-25,31,31,0.0111371965,projected,0.9672197289,physical_scenario_overnight_no_credit_spread
severe,15,2027-12-25,2027-11-23,2027-11-25,30,30,0.0076614368,projected,0.9667341958,physical_scenario_overnight_no_credit_spread
severe,16,2028-01-25,2027-12-22,2027-12-25,31,31,0.0060252993,projected,0.9662195201,physical_scenario_overnight_no_credit_spread
severe,17,2028-02-25,2028-01-21,2028-01-25,31,31,0.0061722117,projected,0.9657067158,physical_scenario_overnight_no_credit_spread
severe,18,2028-03-25,2028-02-23,2028-02-25,29,29,0.0061748161,projected,0.9653019135,physical_scenario_overnight_no_credit_spread
severe,19,2028-04-25,2028-03-23,2028-03-25,31,31,0.0053787349,projected,0.9651196428,physical_scenario_overnight_no_credit_spread
severe,20,2028-05-25,2028-04-21,2028-04-25,30,30,0.0027219685,projected,0.9651196428,physical_scenario_overnight_no_credit_spread
severe,21,2028-06-25,2028-05-23,2028-05-25,31,31,0.0000228437,projected,0.9651196428,physical_scenario_overnight_no_credit_spread
severe,22,2028-07-25,2028-06-22,2028-06-25,30,30,0.0000000000,projected,0.9651196428,physical_scenario_overnight_no_credit_spread
severe,23,2028-08-25,2028-07-21,2028-07-25,31,31,0.0000000000,projected,0.9651196428,physical_scenario_overnight_no_credit_spread
severe,24,2028-09-25,2028-08-23,2028-08-25,31,31,0.0000000000,projected,0.9651196428,physical_scenario_overnight_no_credit_spread
severe,25,2028-10-25,2028-09-21,2028-09-25,30,30,0.0000000000,projected,0.9651196428,physical_scenario_overnight_no_credit_spread
severe,26,2028-11-25,2028-10-23,2028-10-25,31,31,0.0000000000,projected,0.9651196428,physical_scenario_overnight_no_credit_spread
severe,27,2028-12-25,2028-11-22,2028-11-25,30,30,0.0000000000,projected,0.9651196428,physical_scenario_overnight_no_credit_spread
severe,28,2029-01-25,2028-12-21,2028-12-25,31,31,0.0000000000,projected,0.9651196428,physical_scenario_overnight_no_credit_spread
severe,29,2029-02-25,2029-01-23,2029-01-25,31,31,0.0000000000,projected,0.9651196428,physical_scenario_overnight_no_credit_spread
severe,30,2029-03-25,2029-02-22,2029-02-25,28,28,0.0000000000,projected,0.9651196428,physical_scenario_overnight_no_credit_spread
severe,31,2029-04-25,2029-03-22,2029-03-25,31,31,0.0000000000,projected,0.9651196428,physical_scenario_overnight_no_credit_spread
severe,32,2029-05-25,2029-04-23,2029-04-25,30,30,0.0000000000,projected,0.9651196428,physical_scenario_overnight_no_credit_spread
severe,33,2029-06-25,2029-05-23,2029-05-25,31,31,0.0000000000,projected,0.9651196428,physical_scenario_overnight_no_credit_spread
severe,34,2029-07-25,2029-06-21,2029-06-25,30,30,0.0000000000,projected,0.9651196428,physical_scenario_overnight_no_credit_spread
severe,35,2029-08-25,2029-07-23,2029-07-25,31,31,0.0000000000,projected,0.9651196428,physical_scenario_overnight_no_credit_spread
severe,36,2029-09-25,2029-08-23,2029-08-25,31,31,0.0000000000,projected,0.9651196428,physical_scenario_overnight_no_credit_spread
severe,37,2029-10-25,2029-09-21,2029-09-25,30,30,0.0000000000,projected,0.9651196428,physical_scenario_overnight_no_credit_spread
severe,38,2029-11-25,2029-10-23,2029-10-25,31,31,0.0000000000,projected,0.9651196428,physical_scenario_overnight_no_credit_spread
severe,39,2029-12-25,2029-11-21,2029-11-25,30,30,0.0000000000,projected,0.9651196428,physical_scenario_overnight_no_credit_spread
severe,40,2030-01-25,2029-12-21,2029-12-25,31,31,0.0000000000,projected,0.9651196428,physical_scenario_overnight_no_credit_spread
severe,41,2030-02-25,2030-01-23,2030-01-25,31,31,0.0000000000,projected,0.9651196428,physical_scenario_overnight_no_credit_spread
severe,42,2030-03-25,2030-02-21,2030-02-25,28,28,0.0000000000,projected,0.9651196428,physical_scenario_overnight_no_credit_spread
severe,43,2030-04-25,2030-03-21,2030-03-25,31,31,0.0000000000,projected,0.9651196428,physical_scenario_overnight_no_credit_spread
severe,44,2030-05-25,2030-04-23,2030-04-25,30,30,0.0000000000,projected,0.9651196428,physical_scenario_overnight_no_credit_spread
severe,45,2030-06-25,2030-05-23,2030-05-25,31,31,0.0000000000,projected,0.9651196428,physical_scenario_overnight_no_credit_spread
severe,46,2030-07-25,2030-06-21,2030-06-25,30,30,0.0000000000,projected,0.9651196428,physical_scenario_overnight_no_credit_spread
severe,47,2030-08-25,2030-07-23,2030-07-25,31,31,0.0000000000,projected,0.9651196428,physical_scenario_overnight_no_credit_spread
severe,48,2030-09-25,2030-08-22,2030-08-25,31,31,0.0000000000,projected,0.9651196428,physical_scenario_overnight_no_credit_spread
severe,49,2030-10-25,2030-09-23,2030-09-25,30,30,0.0000000000,projected,0.9651196428,physical_scenario_overnight_no_credit_spread
severe,50,2030-11-25,2030-10-23,2030-10-25,31,31,0.0000000000,projected,0.9651196428,physical_scenario_overnight_no_credit_spread
severe,51,2030-12-25,2030-11-21,2030-11-25,30,30,0.0000000000,projected,0.9651196428,physical_scenario_overnight_no_credit_spread
severe,52,2031-01-25,2030-12-23,2030-12-25,31,31,0.0000000000,projected,0.9651196428,physical_scenario_overnight_no_credit_spread
severe,53,2031-02-25,2031-01-23,2031-01-25,31,31,0.0000000000,projected,0.9651196428,physical_scenario_overnight_no_credit_spread
