scenario,month,date,mortgage_rate,hpi_index,sofr_overnight,treasury2,treasury10,mortgage_spread,sofr
good,0,2026-10-03,7.2800000000,100.0000000000,3.8700000000,4.7800000000,5.2400000000,2.0400000000,3.7611600000
good,1,2026-10-25,7.2245008237,100.3829877365,3.8649582773,4.7519583247,5.1992619563,2.0252388673,3.6902900000
good,2,2026-11-25,7.1775588768,100.8018599199,3.8587131979,4.7227540897,5.1632581785,2.0143006983,3.8802799246
good,3,2026-12-25,7.1261454458,101.2409467349,3.8527741165,4.6966915817,5.1200046853,2.0061407605,3.8681704196
good,4,2027-01-25,7.0731817234,101.7080950625,3.8499911553,4.6724844477,5.0785276376,1.9946540858,3.8621409725
good,5,2027-02-25,7.0161875035,102.1903875700,3.8419370657,4.6373587852,5.0286466524,1.9875408511,3.8575295361
good,6,2027-03-25,6.9698078774,102.7031422600,3.8316806666,4.6111326138,4.9962455865,1.9735622909,3.8523735352
good,7,2027-04-25,6.9088289115,103.2414458925,3.8163924742,4.5635343451,4.9415997950,1.9672291165,3.8439947378
good,8,2027-05-25,6.8561310146,103.7826742468,3.7972299302,4.5221013192,4.8967388127,1.9593922020,3.8314469951
good,9,2027-06-25,6.8245108192,104.3192741628,3.7744725817,4.5008525250,4.8702909565,1.9542198627,3.8155683315
good,10,2027-07-25,6.7797197106,104.8590101175,3.7575765891,4.4759272132,4.8329707981,1.9467489125,3.7933013580
good,11,2027-08-25,6.7365487889,105.4147315520,3.7474445730,4.4524205266,4.8001422689,1.9364065201,3.7738388195
good,12,2027-09-25,6.7012448322,105.9902488348,3.7397720039,4.4382926187,4.7774161981,1.9238286342,3.7588689084
good,13,2027-10-25,6.6568374340,106.5856400811,3.7318651623,4.4074445917,4.7385769737,1.9182604603,3.7496865270
good,14,2027-11-25,6.6232997589,107.1908632605,3.7250671116,4.3824015621,4.7092075576,1.9140922013,3.7425661565
good,15,2027-12-25,6.5821488262,107.7680117440,3.7171355205,4.3531760252,4.6723159025,1.9098329237,3.7344572462
good,16,2028-01-25,6.5366681747,108.3553284430,3.7087984014,4.3279890843,4.6382696350,1.8983985397,3.7275490389
good,17,2028-02-25,6.5034638347,108.9505707558,3.6969294663,4.3042484708,4.6087983115,1.8946655232,3.7195221014
good,18,2028-03-25,6.4722925501,109.5487841965,3.6870709531,4.2809768150,4.5782505234,1.8940420266,3.7091570684
good,19,2028-04-25,6.4278856687,110.1637017041,3.6826590708,4.2516850388,4.5466726965,1.8812129722,3.6985115651
good,20,2028-05-25,6.3905418287,110.7819196976,3.6758176327,4.2216033702,4.5187747623,1.8717670665,3.6908452695
good,21,2028-06-25,6.3580449133,111.3905905961,3.6635512992,4.1934697835,4.4927019908,1.8653429225,3.6852092384
good,22,2028-07-25,6.3217675462,111.9961713355,3.6525024664,4.1704935822,4.4630793697,1.8586881765,3.6763002985
good,23,2028-08-25,6.2893530751,112.6099032621,3.6430935591,4.1491439040,4.4326210963,1.8567319787,3.6650940871
good,24,2028-09-25,6.2691518056,113.2443659345,3.6322410856,4.1376774304,4.4197783543,1.8493734513,3.6537470515
good,25,2028-10-25,6.2386453652,113.8897047816,3.6239120423,4.1108760211,4.3917184820,1.8469268832,3.6443883089
good,26,2028-11-25,6.2095920379,114.5250062686,3.6126839761,4.0833336694,4.3653231794,1.8442688586,3.6340654029
good,27,2028-12-25,6.1850787891,115.1595109485,3.6019907221,4.0652900095,4.3444517975,1.8406269916,3.6246566345
good,28,2029-01-25,6.1580495605,115.7950061067,3.5977770738,4.0468168781,4.3198161480,1.8382334124,3.6141923512
good,29,2029-02-25,6.1299410158,116.4207871818,3.5914578115,4.0304354786,4.2934976153,1.8364434006,3.6053011594
good,30,2029-03-25,6.1086402864,117.0756561434,3.5861803190,4.0110359936,4.2729821648,1.8356581216,3.6003554338
good,31,2029-04-25,6.0838119373,117.7384549785,3.5800987647,3.9890058932,4.2485248726,1.8352870647,3.5948034210
good,32,2029-05-25,6.0554349671,118.3947249161,3.5763419202,3.9635077346,4.2202672238,1.8351677433,3.5886352874
good,33,2029-06-25,6.0321755790,119.0342946221,3.5667483812,3.9385114057,4.1959796243,1.8361959547,3.5836108104
good,34,2029-07-25,6.0062856148,119.6778476077,3.5547362452,3.9157618471,4.1694545034,1.8368311114,3.5778680452
good,35,2029-08-25,5.9848235537,120.3227852426,3.5506020861,3.8996363215,4.1521559491,1.8326676047,3.5668887313
good,36,2029-09-25,5.9753935115,120.9848256287,3.5431627307,3.8903893918,4.1449247077,1.8304688037,3.5579467533
good,37,2029-10-25,5.9457265894,121.6559149699,3.5391016533,3.8666978460,4.1155936206,1.8301329689,3.5528332990
good,38,2029-11-25,5.9184907840,122.3178571464,3.5308225960,3.8405671586,4.0890212166,1.8294695674,3.5464466591
good,39,2029-12-25,5.8989494098,122.9644686208,3.5218571821,3.8241057238,4.0711883646,1.8277610452,3.5410045420
good,40,2030-01-25,5.8764005505,123.6154090601,3.5148001956,3.8061921424,4.0492999811,1.8271005694,3.5326664045
good,41,2030-02-25,5.8514495621,124.2703425527,3.5093703331,3.7880042509,4.0268939542,1.8245556080,3.5237143822
good,42,2030-03-25,5.8388348267,124.9439867389,3.5054083278,3.7817333942,4.0195917722,1.8192430546,3.5176870992
good,43,2030-04-25,5.8130372113,125.6228660738,3.4915957348,3.7536374110,3.9938889980,1.8191482133,3.5130758126
good,44,2030-05-25,5.7896904297,126.3045154745,3.4826289625,3.7307719314,3.9730852219,1.8166052079,3.5043822584
good,45,2030-06-25,5.7683314939,126.9570000665,3.4742533304,3.7107905904,3.9531366873,1.8151948066,3.4927629230
good,46,2030-07-25,5.7559371445,127.6183663175,3.4670522054,3.7031104539,3.9468147630,1.8091223815,3.4843759519
good,47,2030-08-25,5.7442343559,128.2735935870,3.4634459409,3.6906517309,3.9382915250,1.8059428309,3.4760905214
good,48,2030-09-25,5.7419843397,128.9426080088,3.4570896757,3.6857159446,3.9378936889,1.8040906508,3.4703651845
good,49,2030-10-25,5.7241475979,129.5978175090,3.4503594885,3.6582331615,3.9161465177,1.8080010802,3.4654396005
good,50,2030-11-25,5.7084186095,130.2503584492,3.4443082086,3.6354387384,3.8980308153,1.8103877942,3.4590401253
good,51,2030-12-25,5.6956228512,130.8814920933,3.4365634772,3.6143298465,3.8846224862,1.8110003650,3.4528459170
good,52,2031-01-25,5.6843818630,131.5095983631,3.4269546345,3.5987079958,3.8743871442,1.8099947188,3.4458263427
good,53,2031-02-25,5.6651870101,132.1150970757,3.4221225750,3.5805586331,3.8553784035,1.8098086066,3.4371151539
base,0,2026-10-03,7.2800000000,100.0000000000,3.8700000000,4.7800000000,5.2400000000,2.0400000000,3.7611600000
base,1,2026-10-25,7.2275837607,100.3513768657,3.8640793401,4.7475233406,5.1947177649,2.0328659957,3.6902900000
base,2,2026-11-25,7.1782779372,100.7220783565,3.8528906968,4.7176227730,5.1547258246,2.0235521126,3.8800648685
base,3,2026-12-25,7.1323092830,101.1011961714,3.8406059727,4.6884174317,5.1177320971,2.0145771859,3.8651988456
base,4,2027-01-25,7.0854114490,101.4833220037,3.8294619801,4.6619018422,5.0772267276,2.0081847215,3.8537356340
base,5,2027-02-25,7.0420941770,101.8814030172,3.8187482502,4.6342647825,5.0420852672,2.0000089098,3.8423864445
base,6,2027-03-25,6.9970474963,102.2885318352,3.8089757847,4.6023293357,5.0036646111,1.9933828852,3.8306885683
base,7,2027-04-25,6.9621454503,102.6927933263,3.7996126471,4.5763316366,4.9752336203,1.9869118300,3.8209515997
base,8,2027-05-25,6.9213881620,103.0901085402,3.7923253084,4.5409077321,4.9323304738,1.9890576882,3.8109925255
base,9,2027-06-25,6.8711515118,103.4844926775,3.7801931340,4.5005858528,4.8868955299,1.9842559818,3.8028373796
base,10,2027-07-25,6.8248383351,103.8630923532,3.7662917968,4.4644751785,4.8504225779,1.9744157572,3.7928149786
base,11,2027-08-25,6.7767676357,104.2409824421,3.7509827132,4.4267367556,4.8118790616,1.9648885741,3.7806287218
base,12,2027-09-25,6.7368220497,104.6248696586,3.7337688383,4.3908572939,4.7788726792,1.9579493705,3.7653966627
base,13,2027-10-25,6.6987778461,105.0074754817,3.7302958594,4.3628718659,4.7425807076,1.9561971385,3.7492173784
base,14,2027-11-25,6.6722939219,105.4036228356,3.7229688709,4.3455430662,4.7199897743,1.9523041476,3.7382105501
base,15,2027-12-25,6.6411855929,105.7952273757,3.7188196541,4.3216552765,4.6874330240,1.9537525690,3.7326443724
base,16,2028-01-25,6.6066988915,106.1889035758,3.7154388024,4.2963931705,4.6559386831,1.9507602084,3.7268775318
base,17,2028-02-25,6.5673300279,106.5860308425,3.7106137135,4.2682020157,4.6217992930,1.9455307349,3.7229551474
base,18,2028-03-25,6.5294163530,106.9883019626,3.7029974274,4.2434536892,4.5943415719,1.9350747811,3.7187812430
base,19,2028-04-25,6.4910322340,107.4151463571,3.7005230644,4.2161415208,4.5615760911,1.9294561429,3.7130661890
base,20,2028-05-25,6.4661491134,107.8527095793,3.6903544248,4.1908861366,4.5392152499,1.9269338636,3.7075030825
base,21,2028-06-25,6.4445843054,108.2698864580,3.6789657899,4.1721270476,4.5190767001,1.9255076053,3.7017574998
base,22,2028-07-25,6.4171241155,108.6898951271,3.6683269862,4.1528896195,4.4954833525,1.9216407631,3.6912302848
base,23,2028-08-25,6.3892863117,109.1156282256,3.6610349589,4.1297531119,4.4751513048,1.9141350069,3.6806844376
base,24,2028-09-25,6.3655170961,109.5464308229,3.6570644226,4.1119493515,4.4563255815,1.9091915147,3.6705159049
base,25,2028-10-25,6.3445827047,109.9618652130,3.6560890566,4.0957006744,4.4387930836,1.9057896211,3.6648604802
base,26,2028-11-25,6.3160936451,110.3904617119,3.6557358549,4.0786731781,4.4157544629,1.9003391823,3.6618888270
base,27,2028-12-25,6.2961724925,110.8141245589,3.6555978641,4.0647640701,4.4005527442,1.8956197483,3.6611569316
base,28,2029-01-25,6.2733822752,111.2269844770,3.6516918110,4.0441634152,4.3766140819,1.8967681933,3.6609190454
base,29,2029-02-25,6.2444324593,111.6467821734,3.6508754509,4.0154736155,4.3490103890,1.8954220703,3.6591164080
base,30,2029-03-25,6.2179601827,112.0781943303,3.6455151938,3.9900781697,4.3229855128,1.8949746700,3.6565752578
base,31,2029-04-25,6.1901177992,112.5115126843,3.6293847843,3.9561189310,4.2943152134,1.8958025858,3.6542541798
base,32,2029-05-25,6.1606398631,112.9575391954,3.6126960602,3.9268751709,4.2665188663,1.8941209968,3.6439003067
base,33,2029-06-25,6.1412802232,113.4055742118,3.5983854183,3.9022883697,4.2453064439,1.8959737793,3.6277947277
base,34,2029-07-25,6.1210162833,113.8365650835,3.5867259204,3.8810823263,4.2275979354,1.8934183479,3.6127061126
base,35,2029-08-25,6.0917079922,114.2717307942,3.5775170050,3.8543572672,4.2005037511,1.8912042410,3.5987880624
base,36,2029-09-25,6.0731118334,114.7108649663,3.5593473970,3.8274806684,4.1843892025,1.8887226308,3.5878695842
base,37,2029-10-25,6.0462537915,115.1470529943,3.5470024211,3.7991398540,4.1563577734,1.8898960181,3.5759559016
base,38,2029-11-25,6.0236951299,115.5905697342,3.5339256800,3.7738699547,4.1385315422,1.8851635877,3.5593835146
base,39,2029-12-25,6.0041972410,116.0167373095,3.5189041761,3.7506877544,4.1233721960,1.8808250450,3.5472443510
base,40,2030-01-25,5.9889348593,116.4514435274,3.5061692022,3.7335763150,4.1117065993,1.8772282600,3.5337182047
base,41,2030-02-25,5.9649210480,116.8864974997,3.4972799660,3.7095022167,4.0883758789,1.8765451691,3.5183792650
base,42,2030-03-25,5.9458101874,117.3381343308,3.4876424719,3.6902703761,4.0743767550,1.8714334324,3.5078160251
base,43,2030-04-25,5.9318832997,117.7801853599,3.4842492423,3.6715869472,4.0544001632,1.8774831365,3.4992328028
base,44,2030-05-25,5.9148413231,118.2363016175,3.4772303201,3.6537176770,4.0381742125,1.8766671106,3.4909808297
base,45,2030-06-25,5.8951698884,118.6698981850,3.4725725085,3.6334450871,4.0173352681,1.8778346203,3.4861569403
base,46,2030-07-25,5.8749742981,119.1161760944,3.4683002554,3.6121588266,3.9957572495,1.8792170486,3.4802980821
base,47,2030-08-25,5.8574367718,119.5714609805,3.4613576381,3.5925135413,3.9824777755,1.8749589963,3.4755761291
base,48,2030-09-25,5.8427959404,120.0195819970,3.4523322058,3.5717935994,3.9680061899,1.8747897505,3.4702902456
base,49,2030-10-25,5.8217124694,120.4654097383,3.4466851521,3.5520330392,3.9469947586,1.8747177109,3.4622348559
base,50,2030-11-25,5.8056493181,120.9089682017,3.4342869924,3.5300570632,3.9320020510,1.8736472670,3.4547165340
base,51,2030-12-25,5.8051168197,121.3521486082,3.4218515436,3.5187055419,3.9312574289,1.8738593908,3.4468552629
base,52,2031-01-25,5.7966977349,121.7944824193,3.4156893408,3.5073093011,3.9238631407,1.8728345941,3.4339118686
base,53,2031-02-25,5.7855314449,122.2538147695,3.4066874423,3.4888937376,3.9105051053,1.8750263396,3.4238238092
moderate,0,2026-10-03,7.2800000000,100.0000000000,3.8700000000,4.7800000000,5.2400000000,2.0400000000,3.7611600000
moderate,1,2026-10-25,7.1530000000,100.5922593086,3.9980645161,4.7712142857,5.1888571429,1.9641428571,3.6902900000
moderate,2,2026-11-25,7.2605000000,100.8126348652,4.2043317972,5.0441353383,5.3418045113,1.9186954887,3.9128483982
moderate,3,2026-12-25,7.3320000000,101.1982920894,4.3022580645,5.1096273292,5.4967701863,1.8352298137,4.0909615390
moderate,4,2027-01-25,7.5155000000,101.3865295441,4.5032365591,5.2646616541,5.7633834586,1.7521165414,4.2504241547
moderate,5,2027-02-25,7.6055000000,101.6344520454,4.6532258065,5.3438961039,5.8828571429,1.7226428571,4.3805823650
moderate,6,2027-03-25,7.6900000000,101.6160874156,4.7039032258,5.4975324675,5.8792207792,1.8107792208,4.5737621738
moderate,7,2027-04-25,7.7705000000,101.5564023690,4.9480645161,5.4942142857,5.8603571429,1.9101428571,4.6787256638
moderate,8,2027-05-25,7.5320000000,101.8089160277,4.9593548387,5.2791925466,5.6493788820,1.8826211180,4.8079937563
moderate,9,2027-06-25,7.4105000000,101.8043248703,4.9675698925,5.1447142857,5.4918571429,1.9186428571,4.9582188736
moderate,10,2027-07-25,7.3655000000,101.9145126486,4.9580645161,5.1714285714,5.5019047619,1.8635952381,4.9722904508
moderate,11,2027-08-25,7.2480000000,102.2358936688,4.9585698925,5.1161904762,5.3680952381,1.8799047619,4.9735622581
moderate,12,2027-09-25,7.1430000000,102.2358936688,4.9509677419,5.0492142857,5.3373571429,1.8056428571,4.9679388277
moderate,13,2027-10-25,7.2255000000,102.6123685781,4.9612903226,5.2519047619,5.5323809524,1.6931190476,4.9649340276
moderate,14,2027-11-25,7.2930000000,102.6536889950,4.9718317972,5.2246616541,5.4954887218,1.7975112782,4.9642024149
moderate,15,2027-12-25,7.1640000000,103.0301639043,4.9696774194,4.9493506494,5.3374025974,1.8265974026,4.9753571410
moderate,16,2028-01-25,7.1880000000,103.0577108489,4.9625698925,5.0419047619,5.4666666667,1.7213333333,4.9806079731
moderate,17,2028-02-25,7.2700000000,102.5343189018,4.9664516129,5.1420779221,5.5192207792,1.7507792208,4.9766122452
moderate,18,2028-03-25,7.6655000000,102.1440705202,4.9669032258,5.3561904762,5.8757142857,1.7897857143,4.9738045257
moderate,19,2028-04-25,7.7030000000,101.6206785731,4.9712903226,5.1947619048,5.7771428571,1.9258571429,4.9762756080
moderate,20,2028-05-25,7.5800000000,101.1661539874,4.7351612903,4.6887577640,5.4476397516,2.1323602484,4.9781051402
moderate,21,2028-06-25,7.3905000000,100.7437675038,4.6509032258,4.3872932331,5.2944360902,2.0960639098,4.8845621901
moderate,22,2028-07-25,7.3830000000,99.9081768514,4.4683870968,4.3434415584,5.3005844156,2.0824155844,4.7118831246
moderate,23,2028-08-25,7.2160000000,99.2378678665,4.1995698925,3.7122142857,4.9213571429,2.2946428571,4.5964341697
moderate,24,2028-09-25,7.1030000000,98.7328405491,3.9574193548,3.4927142857,4.8703571429,2.2326428571,4.3621393760
moderate,25,2028-10-25,6.7660000000,97.9339791561,3.6532258065,2.8514285714,4.5171428571,2.2488571429,4.1204042943
moderate,26,2028-11-25,6.9255000000,97.2866259584,2.6935928810,2.3487142857,4.5103571429,2.4151428571,3.8420059618
moderate,27,2028-12-25,6.9780000000,96.4372618337,2.3232258065,1.9927142857,4.2828571429,2.6951428571,3.2838601464
moderate,28,2029-01-25,6.9255000000,95.3812956246,1.9912365591,2.4229870130,4.4478571429,2.4776428571,2.5799743388
moderate,29,2029-02-25,7.0440000000,94.2886001561,1.6912903226,2.8214285714,4.6528571429,2.3911428571,2.1890306997
moderate,30,2029-03-25,7.3280000000,93.6825673752,1.7139032258,3.1495238095,4.8723809524,2.4556190476,1.8766004762
moderate,31,2029-04-25,7.4340000000,92.8377944080,1.7225806452,2.9488961039,4.7805844156,2.6534155844,1.7060685121
moderate,32,2029-05-25,7.4855000000,91.9057894495,1.7093548387,2.7961904762,4.6585714286,2.8269285714,1.7185886184
moderate,33,2029-06-25,7.0455000000,91.0472430100,1.5245698925,2.4519047619,4.4590476190,2.5864523810,1.7183295511
moderate,34,2029-07-25,7.2080000000,90.2713374042,0.6822580645,1.9879870130,4.5869480519,2.6210519481,1.6439276457
moderate,35,2029-08-25,7.0955000000,88.6460676737,0.1005698925,1.5884920635,4.2995238095,2.7959761905,1.1847037973
moderate,36,2029-09-25,6.2940000000,88.4394655893,0.0000000000,1.1966233766,3.1892207792,3.1047792208,0.4368323379
moderate,37,2029-10-25,6.0555000000,89.1648684633,0.0000000000,1.1827142857,3.2903571429,2.7651428571,0.0690242657
moderate,38,2029-11-25,6.1380000000,89.2475092971,0.0000000000,1.3509774436,3.6428571429,2.4951428571,0.0005406984
moderate,39,2029-12-25,6.0105000000,88.1548138286,0.0000000000,1.3070779221,3.5924025974,2.4180974026,0.0000000000
moderate,40,2030-01-25,5.8180000000,87.6176484092,0.0000000000,1.3028571429,3.7000000000,2.1180000000,0.0000000000
moderate,41,2030-02-25,5.8655000000,87.5946926220,0.0000000000,1.3052142857,4.0658571429,1.7996428571,0.0000000000
moderate,42,2030-03-25,6.4280000000,87.5717368349,0.0000000000,1.5598051948,4.4946753247,1.9333246753,0.0000000000
moderate,43,2030-04-25,6.2300000000,87.2916762316,0.0000000000,1.3948051948,4.3351298701,1.8948701299,0.0000000000
moderate,44,2030-05-25,6.2005000000,87.1401680364,0.0000000000,1.4909523810,4.3600000000,1.8405000000,0.0000000000
moderate,45,2030-06-25,6.0655000000,87.0391625729,0.0000000000,1.3319047619,4.1747619048,1.8907380952,0.0000000000
moderate,46,2030-07-25,5.9600000000,87.2090353978,0.0000000000,1.3247619048,4.1604761905,1.7995238095,0.0000000000
moderate,47,2030-08-25,5.8830000000,87.4707313714,0.0000000000,1.1788721805,4.1754887218,1.7075112782,0.0000000000
moderate,48,2030-09-25,5.9380000000,86.7040080804,0.0000000000,1.2502597403,4.3628571429,1.5751428571,0.0000000000
moderate,49,2030-10-25,6.0380000000,86.7453284973,0.0000000000,1.3046616541,4.5060150376,1.5319849624,0.0000000000
moderate,50,2030-11-25,5.9980000000,86.3458978008,0.0000000000,1.2325563910,4.4639097744,1.5340902256,0.0000000000
moderate,51,2030-12-25,5.9755000000,86.2173453928,0.0000000000,1.3344099379,4.5002484472,1.4752515528,0.0000000000
moderate,52,2031-01-25,6.1060000000,86.3642624306,0.0000000000,1.4361688312,4.6196753247,1.4863246753,0.0000000000
moderate,53,2031-02-25,5.8955000000,86.3321243285,0.0000000000,1.2062142857,4.1928571429,1.7026428571,0.0000000000
severe,0,2026-10-03,7.2800000000,100.0000000000,3.8700000000,4.7800000000,5.2400000000,2.0400000000,3.7611600000
severe,1,2026-10-25,7.3040000000,100.0267367764,3.8628924731,4.8725541126,5.3692640693,1.9347359307,3.6902900000
severe,2,2026-11-25,7.3860000000,99.5187380242,3.8667741935,4.9727272727,5.4218181818,1.9641818182,3.8797744691
severe,3,2026-12-25,7.7815000000,99.1399670246,3.8672258065,5.1868398268,5.7783116883,2.0031883117,3.8704031960
severe,4,2027-01-25,7.8190000000,98.6319682724,3.8716129032,5.0254112554,5.6797402597,2.1392597403,3.8727931868
severe,5,2027-02-25,7.6960000000,98.1908114612,3.6354838710,4.5194071146,5.3502371542,2.3457628458,3.8745349584
severe,6,2027-03-25,7.5065000000,97.7808475558,3.5512258065,4.2179425837,5.1970334928,2.3094665072,3.7778637278
severe,7,2027-04-25,7.4990000000,96.9698320039,3.3687096774,4.1740909091,5.2031818182,2.2958181818,3.6122356687
severe,8,2027-05-25,7.3320000000,96.3192371106,3.0998924731,3.5428636364,4.8239545455,2.5080454545,3.4849990852
severe,9,2027-06-25,7.2190000000,95.8290628760,2.8577419355,3.3233636364,4.7729545455,2.4460454545,3.2810841690
severe,10,2027-07-25,6.8820000000,95.0536963593,2.5535483871,2.6820779221,4.4197402597,2.4622597403,3.0026405388
severe,11,2027-08-25,7.0415000000,94.4253821131,1.5939154616,2.1793636364,4.4129545455,2.6285454545,2.7486712699
severe,12,2027-09-25,7.0940000000,93.6009981730,1.2235483871,1.8233636364,4.1854545455,2.9085454545,2.1501505802
severe,13,2027-10-25,7.0415000000,92.5760884096,0.8915591398,2.2536363636,4.3504545455,2.6910454545,1.4400388736
severe,14,2027-11-25,7.1600000000,91.5155296110,0.5916129032,2.6520779221,4.5554545455,2.6045454545,1.1137196495
severe,15,2027-12-25,7.4440000000,90.9273205294,0.6142258065,2.9801731602,4.7749783550,2.6690216450,0.7661436832
severe,16,2028-01-25,7.5500000000,90.1073927187,0.6229032258,2.7795454545,4.6831818182,2.8668181818,0.6025299278
severe,17,2028-02-25,7.6015000000,89.2027984493,0.6096774194,2.6268398268,4.5611688312,3.0403311688,0.6172211691
severe,18,2028-03-25,7.1615000000,88.3695022503,0.4248924731,2.2825541126,4.3616450216,2.7998549784,0.6174816141
severe,19,2028-04-25,7.3240000000,87.6164163807,0.0000000000,1.8186363636,4.4895454545,2.8344545455,0.5378734891
severe,20,2028-05-25,7.2115000000,86.0389465710,0.0000000000,1.4191414141,4.2021212121,3.0093787879,0.2721968511
severe,21,2028-06-25,6.4100000000,85.8384207477,0.0000000000,1.0272727273,3.0918181818,3.3181818182,0.0022843688
severe,22,2028-07-25,6.1715000000,86.5424891939,0.0000000000,1.0133636364,3.1929545455,2.9785454545,0.0000000000
severe,23,2028-08-25,6.2540000000,86.6226995232,0.0000000000,1.1816267943,3.5454545455,2.7085454545,0.0000000000
severe,24,2028-09-25,6.1265000000,85.5621407246,0.0000000000,1.1377272727,3.4950000000,2.6315000000,0.0000000000
severe,25,2028-10-25,5.9340000000,85.0407735841,0.0000000000,1.1335064935,3.6025974026,2.3314025974,0.0000000000
severe,26,2028-11-25,5.9815000000,85.0184929370,0.0000000000,1.1358636364,3.9684545455,2.0130454545,0.0000000000
severe,27,2028-12-25,6.5440000000,84.9962122900,0.0000000000,1.3904545455,4.3972727273,2.1467272727,0.0000000000
severe,28,2029-01-25,6.3460000000,84.7243883962,0.0000000000,1.2254545455,4.2377272727,2.1082727273,0.0000000000
severe,29,2029-02-25,6.3165000000,84.5773361258,0.0000000000,1.3216017316,4.2625974026,2.0539025974,0.0000000000
severe,30,2029-03-25,6.1815000000,84.4793012789,0.0000000000,1.1625541126,4.0773593074,2.1041406926,0.0000000000
severe,31,2029-04-25,6.0760000000,84.6441780669,0.0000000000,1.1554112554,4.0630735931,2.0129264069,0.0000000000
severe,32,2029-05-25,5.9990000000,84.8981774431,0.0000000000,1.0095215311,4.0780861244,1.9209138756,0.0000000000
severe,33,2029-06-25,6.0540000000,84.1540038323,0.0000000000,1.0809090909,4.2654545455,1.7885454545,0.0000000000
severe,34,2029-07-25,6.1540000000,84.1941089969,0.0000000000,1.1353110048,4.4086124402,1.7453875598,0.0000000000
severe,35,2029-08-25,6.1140000000,83.8064257386,0.0000000000,1.0632057416,4.3665071770,1.7474928230,0.0000000000
severe,36,2029-09-25,6.0915000000,83.6816541152,0.0000000000,1.1650592885,4.4028458498,1.6886541502,0.0000000000
severe,37,2029-10-25,6.2220000000,83.8242502562,0.0000000000,1.2668181818,4.5222727273,1.6997272727,0.0000000000
severe,38,2029-11-25,6.0115000000,83.7930573504,0.0000000000,1.0368636364,4.0954545455,1.9160454545,0.0000000000
severe,39,2029-12-25,5.8615000000,82.9107437280,0.0000000000,0.9309090909,3.8795454545,1.9819545455,0.0000000000
severe,40,2030-01-25,5.6880000000,82.3893765875,0.0000000000,0.8230303030,3.6868831169,2.0011168831,0.0000000000
severe,41,2030-02-25,5.5515000000,82.3314469052,0.0000000000,0.7268181818,3.3740909091,2.1774090909,0.0000000000
severe,42,2030-03-25,5.4700000000,81.5694487768,0.0000000000,0.6863636364,3.3230735931,2.1469264069,0.0000000000
severe,43,2030-04-25,5.3490000000,81.6763958825,0.0000000000,0.5823636364,3.2154545455,2.1335454545,0.0000000000
severe,44,2030-05-25,5.4240000000,81.3733790829,0.0000000000,0.6603636364,3.4384545455,1.9855454545,0.0000000000
severe,45,2030-06-25,5.8380000000,80.8119067778,0.0000000000,0.8245454545,3.9663636364,1.8716363636,0.0000000000
severe,46,2030-07-25,5.8790000000,80.2949957667,0.0000000000,0.8208636364,4.0694545455,1.8095454545,0.0000000000
severe,47,2030-08-25,6.0765000000,79.5909273205,0.0000000000,0.9789952153,4.2517703349,1.8247296651,0.0000000000
severe,48,2030-09-25,5.9600000000,78.7487188628,0.0000000000,0.9037549407,4.0898023715,1.8701976285,0.0000000000
severe,49,2030-10-25,5.9640000000,78.9403324273,0.0000000000,0.9408636364,4.1304545455,1.8335454545,0.0000000000
severe,50,2030-11-25,5.7615000000,78.7264382158,0.0000000000,0.7616017316,3.8440259740,1.9174740260,0.0000000000
severe,51,2030-12-25,5.6340000000,78.9135956508,0.0000000000,0.6168181818,3.6777272727,1.9562727273,0.0000000000
severe,52,2031-01-25,5.6690000000,79.0651040506,0.0000000000,0.6128636364,3.6784545455,1.9905454545,0.0000000000
severe,53,2031-02-25,5.3940000000,78.9046833920,0.0000000000,0.4367984190,2.9784980237,2.4155019763,0.0000000000
