observation_date,HPIPONM226S
1991-01-01,100.00
1991-02-01,100.40
1991-03-01,100.46
1991-04-01,100.30
1991-05-01,100.35
1991-06-01,100.49
1991-07-01,100.51
1991-08-01,100.33
1991-09-01,100.60
1991-10-01,100.88
1991-11-01,101.36
1991-12-01,101.84
1992-01-01,102.20
1992-02-01,102.95
1992-03-01,102.78
1992-04-01,102.50
1992-05-01,102.55
1992-06-01,102.46
1992-07-01,102.83
1992-08-01,103.26
1992-09-01,103.67
1992-10-01,103.97
1992-11-01,104.24
1992-12-01,104.17
1993-01-01,104.23
1993-02-01,104.01
1993-03-01,104.32
1993-04-01,104.97
1993-05-01,105.20
1993-06-01,105.56
1993-07-01,105.62
1993-08-01,106.02
1993-09-01,106.41
1993-10-01,106.62
1993-11-01,106.95
1993-12-01,107.48
1994-01-01,107.75
1994-02-01,107.93
1994-03-01,108.31
1994-04-01,108.59
1994-05-01,108.99
1994-06-01,109.17
1994-07-01,109.29
1994-08-01,109.59
1994-09-01,109.63
1994-10-01,109.90
1994-11-01,110.11
1994-12-01,110.13
1995-01-01,110.44
1995-02-01,111.04
1995-03-01,110.88
1995-04-01,111.14
1995-05-01,111.30
1995-06-01,111.67
1995-07-01,112.18
1995-08-01,112.47
1995-09-01,112.70
1995-10-01,112.77
1995-11-01,113.00
1995-12-01,113.48
1996-01-01,113.89
1996-02-01,114.05
1996-03-01,114.47
1996-04-01,114.69
1996-05-01,114.96
1996-06-01,115.07
1996-07-01,115.47
1996-08-01,115.49
1996-09-01,115.78
1996-10-01,115.88
1996-11-01,116.18
1996-12-01,116.59
1997-01-01,116.72
1997-02-01,117.00
1997-03-01,117.44
1997-04-01,117.66
1997-05-01,118.13
1997-06-01,118.18
1997-07-01,118.48
1997-08-01,118.95
1997-09-01,119.10
1997-10-01,119.70
1997-11-01,120.05
1997-12-01,120.47
1998-01-01,120.93
1998-02-01,121.79
1998-03-01,122.18
1998-04-01,122.71
1998-05-01,123.22
1998-06-01,123.99
1998-07-01,124.33
1998-08-01,124.86
1998-09-01,125.66
1998-10-01,126.18
1998-11-01,127.01
1998-12-01,127.59
1999-01-01,128.28
1999-02-01,128.84
1999-03-01,129.39
1999-04-01,130.01
1999-05-01,130.79
1999-06-01,131.36
1999-07-01,132.10
1999-08-01,132.93
1999-09-01,133.32
1999-10-01,134.09
1999-11-01,134.63
1999-12-01,135.31
2000-01-01,136.88
2000-02-01,136.74
2000-03-01,137.76
2000-04-01,138.72
2000-05-01,139.27
2000-06-01,140.22
2000-07-01,140.96
2000-08-01,141.53
2000-09-01,142.38
2000-10-01,143.17
2000-11-01,144.05
2000-12-01,144.92
2001-01-01,145.84
2001-02-01,146.83
2001-03-01,147.60
2001-04-01,148.47
2001-05-01,149.09
2001-06-01,149.82
2001-07-01,150.65
2001-08-01,151.38
2001-09-01,152.20
2001-10-01,153.09
2001-11-01,153.61
2001-12-01,154.57
2002-01-01,155.42
2002-02-01,156.37
2002-03-01,157.32
2002-04-01,158.17
2002-05-01,159.24
2002-06-01,160.21
2002-07-01,161.25
2002-08-01,162.27
2002-09-01,163.27
2002-10-01,164.45
2002-11-01,165.37
2002-12-01,166.56
2003-01-01,167.55
2003-02-01,168.64
2003-03-01,169.20
2003-04-01,170.21
2003-05-01,171.14
2003-06-01,171.89
2003-07-01,173.23
2003-08-01,174.50
2003-09-01,175.88
2003-10-01,176.93
2003-11-01,178.35
2003-12-01,179.75
2004-01-01,180.91
2004-02-01,182.35
2004-03-01,183.62
2004-04-01,185.15
2004-05-01,186.89
2004-06-01,188.84
2004-07-01,190.38
2004-08-01,191.75
2004-09-01,193.23
2004-10-01,194.65
2004-11-01,196.47
2004-12-01,198.14
2005-01-01,199.52
2005-02-01,201.05
2005-03-01,203.06
2005-04-01,204.84
2005-05-01,206.53
2005-06-01,208.32
2005-07-01,210.39
2005-08-01,211.94
2005-09-01,213.87
2005-10-01,215.10
2005-11-01,216.53
2005-12-01,217.81
2006-01-01,219.10
2006-02-01,219.58
2006-03-01,220.42
2006-04-01,220.83
2006-05-01,221.37
2006-06-01,221.33
2006-07-01,221.20
2006-08-01,221.75
2006-09-01,221.74
2006-10-01,221.98
2006-11-01,222.68
2006-12-01,222.68
2007-01-01,223.50
2007-02-01,223.59
2007-03-01,224.41
2007-04-01,224.47
2007-05-01,223.33
2007-06-01,222.48
2007-07-01,221.34
2007-08-01,220.35
2007-09-01,219.43
2007-10-01,217.61
2007-11-01,216.15
2007-12-01,215.05
2008-01-01,213.31
2008-02-01,211.90
2008-03-01,210.05
2008-04-01,207.75
2008-05-01,205.37
2008-06-01,204.05
2008-07-01,202.21
2008-08-01,200.18
2008-09-01,198.31
2008-10-01,196.62
2008-11-01,193.08
2008-12-01,192.63
2009-01-01,194.21
2009-02-01,194.39
2009-03-01,192.01
2009-04-01,190.84
2009-05-01,190.79
2009-06-01,190.74
2009-07-01,190.13
2009-08-01,189.80
2009-09-01,189.58
2009-10-01,189.95
2009-11-01,190.52
2009-12-01,188.85
2010-01-01,188.94
2010-02-01,188.07
2010-03-01,187.79
2010-04-01,188.11
2010-05-01,188.04
2010-06-01,186.06
2010-07-01,184.89
2010-08-01,184.76
2010-09-01,183.05
2010-10-01,183.29
2010-11-01,182.61
2010-12-01,181.35
2011-01-01,180.19
2011-02-01,178.61
2011-03-01,176.72
2011-04-01,177.15
2011-05-01,176.67
2011-06-01,177.09
2011-07-01,177.43
2011-08-01,177.07
2011-09-01,178.01
2011-10-01,177.20
2011-11-01,177.75
2011-12-01,178.18
2012-01-01,177.60
2012-02-01,178.17
2012-03-01,179.58
2012-04-01,180.49
2012-05-01,181.61
2012-06-01,182.27
2012-07-01,182.61
2012-08-01,183.95
2012-09-01,184.54
2012-10-01,185.47
2012-11-01,186.38
2012-12-01,187.29
2013-01-01,188.75
2013-02-01,189.89
2013-03-01,191.82
2013-04-01,192.67
2013-05-01,194.22
2013-06-01,195.45
2013-07-01,196.45
2013-08-01,197.04
2013-09-01,198.00
2013-10-01,198.61
2013-11-01,198.66
2013-12-01,199.86
2014-01-01,200.78
2014-02-01,201.51
2014-03-01,202.03
2014-04-01,202.69
2014-05-01,203.08
2014-06-01,204.10
2014-07-01,204.92
2014-08-01,205.74
2014-09-01,205.94
2014-10-01,207.01
2014-11-01,208.06
2014-12-01,209.30
2015-01-01,209.76
2015-02-01,211.20
2015-03-01,211.84
2015-04-01,212.70
2015-05-01,213.84
2015-06-01,214.73
2015-07-01,215.66
2015-08-01,216.18
2015-09-01,217.23
2015-10-01,218.43
2015-11-01,219.47
2015-12-01,220.43
2016-01-01,221.57
2016-02-01,221.61
2016-03-01,223.18
2016-04-01,224.32
2016-05-01,225.35
2016-06-01,226.54
2016-07-01,227.73
2016-08-01,228.82
2016-09-01,230.11
2016-10-01,231.29
2016-11-01,232.25
2016-12-01,233.65
2017-01-01,233.96
2017-02-01,235.20
2017-03-01,236.56
2017-04-01,238.31
2017-05-01,239.51
2017-06-01,240.41
2017-07-01,241.64
2017-08-01,243.22
2017-09-01,244.32
2017-10-01,245.30
2017-11-01,246.96
2017-12-01,248.09
2018-01-01,249.96
2018-02-01,251.63
2018-03-01,252.43
2018-04-01,253.16
2018-05-01,254.33
2018-06-01,255.39
2018-07-01,256.41
2018-08-01,257.68
2018-09-01,258.16
2018-10-01,259.00
2018-11-01,260.49
2018-12-01,261.32
2019-01-01,262.81
2019-02-01,263.45
2019-03-01,264.35
2019-04-01,265.63
2019-05-01,266.78
2019-06-01,267.78
2019-07-01,268.80
2019-08-01,269.88
2019-09-01,271.44
2019-10-01,272.88
2019-11-01,274.45
2019-12-01,276.77
2020-01-01,278.43
2020-02-01,280.43
2020-03-01,280.82
2020-04-01,281.24
2020-05-01,280.19
2020-06-01,283.24
2020-07-01,287.30
2020-08-01,292.32
2020-09-01,297.05
2020-10-01,301.58
2020-11-01,305.21
2020-12-01,309.25
2021-01-01,312.94
2021-02-01,315.63
2021-03-01,320.23
2021-04-01,325.00
2021-05-01,330.40
2021-06-01,336.38
2021-07-01,341.46
2021-08-01,345.50
2021-09-01,349.08
2021-10-01,353.42
2021-11-01,358.31
2021-12-01,363.32
2022-01-01,368.72
2022-02-01,373.81
2022-03-01,378.36
2022-04-01,383.08
2022-05-01,386.61
2022-06-01,387.45
2022-07-01,385.72
2022-08-01,384.15
2022-09-01,384.97
2022-10-01,385.44
2022-11-01,385.38
2022-12-01,385.51
2023-01-01,386.78
2023-02-01,389.03
2023-03-01,390.99
2023-04-01,393.57
2023-05-01,396.43
2023-06-01,398.92
2023-07-01,402.43
2023-08-01,404.88
2023-09-01,407.09
2023-10-01,408.54
2023-11-01,409.57
2023-12-01,410.65
2024-01-01,411.32
2024-02-01,415.48
2024-03-01,416.23
2024-04-01,418.48
2024-05-01,418.93
2024-06-01,419.97
2024-07-01,421.34
2024-08-01,422.75
2024-09-01,425.44
2024-10-01,427.19
2024-11-01,428.72
2024-12-01,430.57
2025-01-01,432.45
2025-02-01,432.33
2025-03-01,432.86
2025-04-01,431.96
2025-05-01,432.01
2025-06-01,432.19
2025-07-01,432.40
2025-08-01,434.03
2025-09-01,433.84
2025-10-01,435.56
2025-11-01,438.35
2025-12-01,439.58
2026-01-01,440.91
2026-02-01,440.60
2026-03-01,441.51
2026-04-01,440.89
2026-05-01,442.29
2026-06-01,442.34
2026-07-01,443.52
